plan_id,status,px_per_m,overall_width_m,overall_depth_m,internal_area_m2,room_code,room_name,room_width_m,room_depth_m,room_area_m2,is_rectangular,outdoor
4011,ok,100.084,17.23,8.55,83.88,UNDEFINED,UNDEFINED,9.79,7.4,39.6,False,False
4011,ok,100.084,17.23,8.55,83.88,UNDEFINED,UNDEFINED,5.66,3.93,22.19,True,False
4011,ok,100.084,17.23,8.55,83.88,UNDEFINED,UNDEFINED,3.83,3.21,10.53,False,False
4011,ok,100.084,17.23,8.55,83.88,UNDEFINED,UNDEFINED,2.41,2.11,5.1,True,False
4011,ok,100.084,17.23,8.55,83.88,UNDEFINED,UNDEFINED,2.0,1.71,3.41,True,False
4011,ok,100.084,17.23,8.55,83.88,UNDEFINED,UNDEFINED,2.0,1.37,2.73,True,False
4011,ok,100.084,17.23,8.55,83.88,UNDEFINED,UNDEFINED,0.6,0.53,0.32,True,False
4015,ok,100.066,15.16,9.73,79.93,UNDEFINED,UNDEFINED,1.38,1.47,2.03,True,False
4015,ok,100.066,15.16,9.73,79.93,MH,Bedroom,2.26,3.65,8.25,True,False
4015,ok,100.066,15.16,9.73,79.93,UNDEFINED,UNDEFINED,0.1,0.69,0.07,True,False
4015,ok,100.066,15.16,9.73,79.93,LASITETTU PARVEKE,LASITETTU PARVEKE,2.26,3.79,8.56,True,True
4015,ok,100.066,15.16,9.73,79.93,MH,Bedroom,2.91,3.65,10.62,True,False
4015,ok,100.066,15.16,9.73,79.93,UNDEFINED,UNDEFINED,0.1,0.69,0.07,True,False
4015,ok,100.066,15.16,9.73,79.93,OH,Living room,3.53,3.74,13.19,True,False
4015,ok,100.066,15.16,9.73,79.93,ET,Entrance hall,5.38,4.61,11.82,False,False
4015,ok,100.066,15.16,9.73,79.93,UNDEFINED,UNDEFINED,0.0,3.16,0.01,True,False
4015,ok,100.066,15.16,9.73,79.93,UNDEFINED,UNDEFINED,5.72,4.56,16.79,False,False
4015,ok,100.066,15.16,9.73,79.93,K,Kitchen,2.82,3.28,9.19,True,False
4015,ok,100.066,15.16,9.73,79.93,PH,PH,2.69,3.16,6.55,False,False
4015,ok,100.066,15.16,9.73,79.93,WC,Toilet,0.9,1.51,1.36,True,False
4017,ok,100.047,11.62,8.92,54.18,K,Kitchen,3.27,2.77,8.51,False,False
4017,ok,100.047,11.62,8.92,54.18,OH,Living room,3.78,4.9,18.52,True,False
4017,ok,100.047,11.62,8.92,54.18,ET,Entrance hall,4.66,3.76,11.91,False,False
4017,ok,100.047,11.62,8.92,54.18,MH,Bedroom,3.97,2.77,10.98,True,False
4017,ok,100.047,11.62,8.92,54.18,UNDEFINED,UNDEFINED,2.44,2.0,4.26,False,False
4017,ok,100.047,11.62,8.92,54.18,PARVEKE,Balcony,3.45,1.64,5.67,True,True
4021,ok,100.01,14.01,11.77,110.07,ULKOTILA,Outdoor,1.23,3.63,4.45,True,True
4021,ok,100.01,14.01,11.77,110.07,OH,Living room,8.37,3.8,31.85,True,False
4021,ok,100.01,14.01,11.77,110.07,K,Kitchen,3.31,3.53,11.68,True,False
4021,ok,100.01,14.01,11.77,110.07,ET,Entrance hall,5.93,3.53,14.51,False,False
4021,ok,100.01,14.01,11.77,110.07,VH,Walk-in closet,1.65,2.62,4.31,True,False
4021,ok,100.01,14.01,11.77,110.07,MH,Bedroom,3.99,3.63,14.48,True,False
4021,ok,100.01,14.01,11.77,110.07,MH,Bedroom,3.98,3.55,14.13,True,False
4021,ok,100.01,14.01,11.77,110.07,UNDEFINED,UNDEFINED,3.54,3.68,13.03,True,False
4021,ok,100.01,14.01,11.77,110.07,UNDEFINED,UNDEFINED,1.84,2.46,4.51,True,False
4021,ok,100.01,14.01,11.77,110.07,WC,Toilet,1.38,1.13,1.56,True,False
4025,ok,99.953,6.95,7.82,32.11,ULKOTILA,Outdoor,3.72,1.51,5.62,True,True
4025,ok,99.953,6.95,7.82,32.11,ALKOVI,ALKOVI,2.13,1.47,3.13,True,False
4025,ok,99.953,6.95,7.82,32.11,ET,Entrance hall,2.65,1.47,3.87,True,False
4025,ok,99.953,6.95,7.82,32.11,OH,Living room,3.69,3.72,13.78,True,False
4025,ok,99.953,6.95,7.82,32.11,KK,KK,2.72,2.04,5.05,False,False
4025,ok,99.953,6.95,7.82,32.11,UNDEFINED,UNDEFINED,0.1,0.49,0.05,True,False
4025,ok,99.953,6.95,7.82,32.11,KPH,Bathroom,2.65,1.5,3.97,True,False
4025,ok,99.953,6.95,7.82,32.11,VH,Walk-in closet,1.56,1.45,2.26,True,False
4026,ok,100.058,7.83,9.42,51.87,ET,Entrance hall,2.95,2.1,6.19,True,False
4026,ok,100.058,7.83,9.42,51.87,OH,Living room,4.76,6.0,28.54,True,False
4026,ok,100.058,7.83,9.42,51.87,PSH,Shower room,1.91,2.62,5.0,True,False
4026,ok,100.058,7.83,9.42,51.87,KK,KK,2.03,2.01,4.08,True,False
4026,ok,100.058,7.83,9.42,51.87,UNDEFINED,UNDEFINED,3.84,2.1,8.07,False,False
4039,ok,100.097,12.79,11.11,38.83,ULKOTILA,Outdoor,1.22,2.74,3.34,True,True
4039,ok,100.097,12.79,11.11,38.83,OH,Living room,3.4,5.33,15.76,False,False
4039,ok,100.097,12.79,11.11,38.83,K,Kitchen,3.17,2.85,9.0,True,False
4039,ok,100.097,12.79,11.11,38.83,ALKOVI,ALKOVI,2.4,2.47,5.91,True,False
4039,ok,100.097,12.79,11.11,38.83,ET,Entrance hall,1.55,2.64,3.94,False,False
4039,ok,100.097,12.79,11.11,38.83,SH,SH,1.66,2.64,4.21,False,False
4542,ok,100.007,8.3,6.09,24.94,K,Kitchen,2.16,3.04,6.49,True,False
4542,ok,100.007,8.3,6.09,24.94,OH,Living room,3.2,3.04,9.73,True,False
4542,ok,100.007,8.3,6.09,24.94,ET,Entrance hall,2.16,1.63,3.26,False,False
4542,ok,100.007,8.3,6.09,24.94,PH,PH,1.79,3.04,5.45,True,False
4548,ok,99.87,21.7,12.8,124.28,KAUKO-,KAUKO-,2.14,0.54,1.16,True,False
4548,ok,99.87,21.7,12.8,124.28,LAMPÖ,LAMPÖ,2.14,1.01,2.16,True,False
4548,ok,99.87,21.7,12.8,124.28,TEKN/,TEKN/,2.14,0.45,0.96,True,False
4548,ok,99.87,21.7,12.8,124.28,ULKOTILA,Outdoor,2.7,4.36,10.85,False,True
4548,ok,99.87,21.7,12.8,124.28,ULKOTILA,Outdoor,8.03,1.42,11.24,True,True
4548,ok,99.87,21.7,12.8,124.28,OH,Living room,4.74,4.26,20.25,True,False
4548,ok,99.87,21.7,12.8,124.28,UNDEFINED,UNDEFINED,1.86,0.0,0.0,False,False
4548,ok,99.87,21.7,12.8,124.28,K,Kitchen,4.74,4.45,19.42,False,False
4548,ok,99.87,21.7,12.8,124.28,ET,Entrance hall,2.97,3.59,10.05,False,False
4548,ok,99.87,21.7,12.8,124.28,MH,Bedroom,3.06,4.66,13.54,False,False
4548,ok,99.87,21.7,12.8,124.28,MH,Bedroom,3.83,3.5,13.44,True,False
4548,ok,99.87,21.7,12.8,124.28,MH,Bedroom,3.06,3.85,10.76,False,False
4548,ok,99.87,21.7,12.8,124.28,KHH,KHH,3.83,2.31,7.71,False,False
4548,ok,99.87,21.7,12.8,124.28,MH,Bedroom,2.97,3.05,9.1,True,False
4548,ok,99.87,21.7,12.8,124.28,PH,PH,1.78,2.58,4.59,True,False
4548,ok,99.87,21.7,12.8,124.28,UNDEFINED,UNDEFINED,1.91,1.97,3.77,True,False
4548,ok,99.87,21.7,12.8,124.28,VH,Walk-in closet,2.14,1.57,3.36,True,False
4548,ok,99.87,21.7,12.8,124.28,WC,Toilet,1.26,1.91,2.21,False,False
4548,ok,99.87,21.7,12.8,124.28,TK,Utility,1.56,1.16,1.8,True,False
4550,ok,100.042,22.8,7.21,86.31,RT,RT,3.34,1.96,6.53,True,False
4550,ok,100.042,22.8,7.21,86.31,OH,Living room,3.34,2.93,9.76,True,False
4550,ok,100.042,22.8,7.21,86.31,K,Kitchen,3.63,3.33,12.1,True,False
4550,ok,100.042,22.8,7.21,86.31,ET,Entrance hall,2.22,4.89,10.56,False,False
4550,ok,100.042,22.8,7.21,86.31,UNDEFINED,UNDEFINED,2.7,1.43,3.86,True,False
4550,ok,100.042,22.8,7.21,86.31,UNDEFINED,UNDEFINED,0.69,1.43,0.98,True,False
4550,ok,100.042,22.8,7.21,86.31,MH,Bedroom,3.45,2.66,9.18,True,False
4550,ok,100.042,22.8,7.21,86.31,UNDEFINED,UNDEFINED,5.57,3.24,15.76,False,False
4550,ok,100.042,22.8,7.21,86.31,VH,Walk-in closet,3.87,2.09,8.1,True,False
4550,ok,100.042,22.8,7.21,86.31,PH,PH,3.76,2.09,6.85,False,False
4550,ok,100.042,22.8,7.21,86.31,UNDEFINED,UNDEFINED,1.25,2.09,2.61,True,False
4586,estimated,100.0,8.29,9.6,38.83,ET,Entrance hall,3.59,1.45,3.76,False,False
4586,estimated,100.0,8.29,9.6,38.83,TUPAK,TUPAK,3.59,4.17,14.97,True,False
4586,estimated,100.0,8.29,9.6,38.83,PARVEKE,Balcony,3.56,1.78,6.34,True,True
4586,estimated,100.0,8.29,9.6,38.83,AH,AH,3.54,5.45,15.08,False,False
4586,estimated,100.0,8.29,9.6,38.83,PH,PH,2.82,1.98,5.01,False,False
4606,ok,99.999,13.39,10.88,126.39,UNDEFINED,UNDEFINED,1.8,5.4,7.46,False,False
4606,ok,99.999,13.39,10.88,126.39,PKH/KHH,PKH/KHH,3.66,4.0,13.96,False,False
4606,ok,99.999,13.39,10.88,126.39,UNDEFINED,UNDEFINED,2.67,2.02,5.39,True,False
4606,ok,99.999,13.39,10.88,126.39,MH,Bedroom,2.62,3.44,9.02,True,False
4606,ok,99.999,13.39,10.88,126.39,MH,Bedroom,1.98,3.44,6.83,True,False
4606,ok,99.999,13.39,10.88,126.39,UNDEFINED,UNDEFINED,2.02,1.77,3.58,True,False
4606,ok,99.999,13.39,10.88,126.39,UNDEFINED,UNDEFINED,2.02,1.44,2.91,True,False
4606,ok,99.999,13.39,10.88,126.39,UNDEFINED,UNDEFINED,1.21,1.32,1.59,True,False
4606,ok,99.999,13.39,10.88,126.39,VH,Walk-in closet,1.21,1.27,1.53,True,False
4606,ok,99.999,13.39,10.88,126.39,UNDEFINED,UNDEFINED,0.98,0.83,0.81,True,False
4606,ok,99.999,13.39,10.88,126.39,ALAPIHA,ALAPIHA,6.2,1.56,9.69,True,False
4606,ok,99.999,13.39,10.88,126.39,YLÄPIHA,YLÄPIHA,6.18,1.55,9.56,True,False
4606,ok,99.999,13.39,10.88,126.39,WC,Toilet,1.49,2.32,3.3,False,False
4606,ok,99.999,13.39,10.88,126.39,MH,Bedroom,2.82,3.94,11.12,True,False
4606,ok,99.999,13.39,10.88,126.39,OH,Living room,5.75,3.54,20.35,True,False
4606,ok,99.999,13.39,10.88,126.39,UNDEFINED,UNDEFINED,5.75,2.52,9.2,False,False
4606,ok,99.999,13.39,10.88,126.39,K,Kitchen,2.83,3.58,10.09,True,False
4607,ok,99.956,6.42,9.62,31.5,K,Kitchen,4.77,1.46,4.07,False,False
4607,ok,99.956,6.42,9.62,31.5,H,H,4.77,3.26,15.55,True,False
4607,ok,99.956,6.42,9.62,31.5,ET,Entrance hall,1.92,3.48,6.72,True,False
4607,ok,99.956,6.42,9.62,31.5,PARVEKE,Balcony,4.36,1.79,7.8,True,True
4607,ok,99.956,6.42,9.62,31.5,UNDEFINED,UNDEFINED,2.74,1.94,5.16,False,False
4617,ok,99.961,7.55,11.93,47.97,ULKOTILA,Outdoor,3.9,1.77,6.9,True,True
4617,ok,99.961,7.55,11.93,47.97,UNDEFINED,UNDEFINED,2.97,1.18,3.75,False,False
4617,ok,99.961,7.55,11.93,47.97,UNDEFINED,UNDEFINED,2.97,3.53,10.49,True,False
4617,ok,99.961,7.55,11.93,47.97,UNDEFINED,UNDEFINED,3.59,4.3,15.42,True,False
4617,ok,99.961,7.55,11.93,47.97,UNDEFINED,UNDEFINED,1.8,3.76,5.29,False,False
4617,ok,99.961,7.55,11.93,47.97,UNDEFINED,UNDEFINED,2.38,2.1,4.96,True,False
4617,ok,99.961,7.55,11.93,47.97,UNDEFINED,UNDEFINED,2.88,1.49,4.12,False,False
4617,ok,99.961,7.55,11.93,47.97,UNDEFINED,UNDEFINED,1.51,1.49,2.25,True,False
4617,ok,99.961,7.55,11.93,47.97,UNDEFINED,UNDEFINED,1.23,1.37,1.69,True,False
4623,ok,100.014,7.51,9.01,26.79,OH,Living room,3.31,4.81,15.9,True,False
4623,ok,100.014,7.51,9.01,26.79,ET,Entrance hall,1.34,2.73,3.59,False,False
4623,ok,100.014,7.51,9.01,26.79,VH,Walk-in closet,1.82,1.54,2.64,False,False
4623,ok,100.014,7.51,9.01,26.79,KPH,Bathroom,1.25,1.87,2.33,True,False
4623,ok,100.014,7.51,9.01,26.79,KK,KK,1.34,1.73,2.32,True,False
4633,ok,99.976,9.74,7.3,48.14,KEITTIÖ,KEITTIÖ,2.67,3.06,8.16,True,False
4633,ok,99.976,9.74,7.3,48.14,OH,Living room,2.66,3.29,8.77,False,False
4633,ok,99.976,9.74,7.3,48.14,MH,Bedroom,2.33,3.33,7.73,True,False
4633,ok,99.976,9.74,7.3,48.14,MH,Bedroom,2.33,3.12,7.15,True,False
4633,ok,99.976,9.74,7.3,48.14,ET,Entrance hall,2.09,4.49,9.38,True,False
4633,ok,99.976,9.74,7.3,48.14,PH,PH,0.94,1.84,1.87,False,False
4633,ok,99.976,9.74,7.3,48.14,VH,Walk-in closet,0.83,1.84,1.52,True,False
4633,ok,99.976,9.74,7.3,48.14,LASI.PARVEKE,LASI.PARVEKE,1.08,3.3,3.56,True,False
4634,ok,99.937,13.44,8.87,71.45,UNDEFINED,UNDEFINED,3.7,0.81,0.65,False,False
4634,ok,99.937,13.44,8.87,71.45,UNDEFINED,UNDEFINED,7.44,7.67,41.52,False,False
4634,ok,99.937,13.44,8.87,71.45,UNDEFINED,UNDEFINED,3.67,3.46,12.69,True,False
4634,ok,99.937,13.44,8.87,71.45,UNDEFINED,UNDEFINED,3.67,2.72,10.01,True,False
4634,ok,99.937,13.44,8.87,71.45,UNDEFINED,UNDEFINED,1.33,2.38,2.93,False,False
4634,ok,99.937,13.44,8.87,71.45,UNDEFINED,UNDEFINED,1.46,1.48,2.17,True,False
4634,ok,99.937,13.44,8.87,71.45,UNDEFINED,UNDEFINED,1.48,1.0,1.48,True,False
4643,ok,99.934,19.9,17.58,185.86,ULKOTILA,Outdoor,0.83,1.12,0.93,True,True
4643,ok,99.934,19.9,17.58,185.86,ULKOTILA,Outdoor,0.9,1.11,1.0,True,True
4643,ok,99.934,19.9,17.58,185.86,ULKOTILA,Outdoor,1.28,1.77,2.28,True,True
4643,ok,99.934,19.9,17.58,185.86,TUPAKEITTIÖ,TUPAKEITTIÖ,7.08,4.86,30.42,False,False
4643,ok,99.934,19.9,17.58,185.86,MH,Bedroom,3.12,3.73,11.64,True,False
4643,ok,99.934,19.9,17.58,185.86,UNDEFINED,UNDEFINED,0.48,0.65,0.31,True,False
4643,ok,99.934,19.9,17.58,185.86,UNDEFINED,UNDEFINED,0.48,0.92,0.44,True,False
4643,ok,99.934,19.9,17.58,185.86,UNDEFINED,UNDEFINED,0.48,0.89,0.43,True,False
4643,ok,99.934,19.9,17.58,185.86,ET,Entrance hall,1.19,3.73,4.44,True,False
4643,ok,99.934,19.9,17.58,185.86,ET,Entrance hall,1.19,1.92,2.29,True,False
4643,ok,99.934,19.9,17.58,185.86,H,H,3.12,4.0,12.24,False,False
4643,ok,99.934,19.9,17.58,185.86,KEITTIÖ,KEITTIÖ,3.82,3.23,11.81,False,False
4643,ok,99.934,19.9,17.58,185.86,UNDEFINED,UNDEFINED,4.15,0.66,3.17,False,False
4643,ok,99.934,19.9,17.58,185.86,ET,Entrance hall,1.84,3.73,6.86,True,False
4643,ok,99.934,19.9,17.58,185.86,ET,Entrance hall,2.83,1.94,5.49,True,False
4643,ok,99.934,19.9,17.58,185.86,WC/PH,WC/PH,1.22,2.44,2.99,True,False
4643,ok,99.934,19.9,17.58,185.86,WC/PH,WC/PH,2.33,1.4,3.27,True,False
4643,ok,99.934,19.9,17.58,185.86,UNDEFINED,UNDEFINED,0.53,1.13,0.59,True,False
4643,ok,99.934,19.9,17.58,185.86,VH,Walk-in closet,0.5,1.13,0.57,True,False
4643,ok,99.934,19.9,17.58,185.86,UNDEFINED,UNDEFINED,0.89,1.68,1.49,True,False
4643,ok,99.934,19.9,17.58,185.86,H,H,7.38,4.86,34.4,False,False
4643,ok,99.934,19.9,17.58,185.86,VH,Walk-in closet,1.44,1.57,2.26,True,False
4643,ok,99.934,19.9,17.58,185.86,H,H,3.24,3.56,10.79,False,False
4643,ok,99.934,19.9,17.58,185.86,H,H,3.24,4.11,12.8,False,False
4643,ok,99.934,19.9,17.58,185.86,KEITTIÖ,KEITTIÖ,3.98,3.17,12.6,True,False
4643,ok,99.934,19.9,17.58,185.86,UNDEFINED,UNDEFINED,4.52,0.77,3.5,True,False
4643,ok,99.934,19.9,17.58,185.86,H,H,2.37,3.56,8.44,True,False
4643,ok,99.934,19.9,17.58,185.86,WC,Toilet,1.44,1.82,2.61,True,False
4673,ok,99.928,8.29,8.18,37.25,UNDEFINED,UNDEFINED,3.82,4.3,16.45,True,False
4673,ok,99.928,8.29,8.18,37.25,UNDEFINED,UNDEFINED,2.92,2.41,6.72,False,False
4673,ok,99.928,8.29,8.18,37.25,UNDEFINED,UNDEFINED,2.92,2.33,6.2,False,False
4673,ok,99.928,8.29,8.18,37.25,UNDEFINED,UNDEFINED,1.46,2.65,3.72,False,False
4673,ok,99.928,8.29,8.18,37.25,UNDEFINED,UNDEFINED,1.43,1.52,2.17,True,False
4673,ok,99.928,8.29,8.18,37.25,UNDEFINED,UNDEFINED,1.02,0.81,0.82,True,False
4673,ok,99.928,8.29,8.18,37.25,UNDEFINED,UNDEFINED,0.79,0.67,0.53,True,False
4673,ok,99.928,8.29,8.18,37.25,UNDEFINED,UNDEFINED,0.57,0.67,0.38,True,False
4673,ok,99.928,8.29,8.18,37.25,UNDEFINED,UNDEFINED,0.5,0.51,0.25,True,False
4674,ok,99.959,12.33,9.36,74.38,ULKOTILA,Outdoor,1.47,2.47,3.62,True,True
4674,ok,99.959,12.33,9.36,74.38,UNDEFINED,UNDEFINED,2.22,2.13,4.73,True,False
4674,ok,99.959,12.33,9.36,74.38,UNDEFINED,UNDEFINED,2.22,5.35,9.91,False,False
4674,ok,99.959,12.33,9.36,74.38,UNDEFINED,UNDEFINED,4.07,4.53,18.47,True,False
4674,ok,99.959,12.33,9.36,74.38,UNDEFINED,UNDEFINED,3.64,3.75,13.64,True,False
4674,ok,99.959,12.33,9.36,74.38,UNDEFINED,UNDEFINED,0.58,0.62,0.36,True,False
4674,ok,99.959,12.33,9.36,74.38,UNDEFINED,UNDEFINED,3.64,3.73,13.58,True,False
4674,ok,99.959,12.33,9.36,74.38,UNDEFINED,UNDEFINED,4.07,2.95,12.03,True,False
4674,ok,99.959,12.33,9.36,74.38,UNDEFINED,UNDEFINED,1.04,1.59,1.65,True,False
4675,ok,99.962,10.2,7.14,54.28,PARVEKE,Balcony,2.77,0.67,1.87,True,True
4675,ok,99.962,10.2,7.14,54.28,LASITETTU,LASITETTU,2.77,0.59,1.63,True,False
4675,ok,99.962,10.2,7.14,54.28,K,Kitchen,2.96,3.57,9.52,False,False
4675,ok,99.962,10.2,7.14,54.28,MH,Bedroom,2.88,4.96,14.28,True,False
4675,ok,99.962,10.2,7.14,54.28,KH,Utility room,1.96,1.58,3.1,True,False
4675,ok,99.962,10.2,7.14,54.28,UNDEFINED,UNDEFINED,4.6,1.58,7.29,True,False
4675,ok,99.962,10.2,7.14,54.28,OH,Living room,3.63,5.08,18.46,True,False
4693,ok,99.975,19.28,20.66,170.6,UNDEFINED,UNDEFINED,3.24,7.12,23.07,True,False
4693,ok,99.975,19.28,20.66,170.6,UNDEFINED,UNDEFINED,8.41,3.2,26.93,True,False
4693,ok,99.975,19.28,20.66,170.6,UNDEFINED,UNDEFINED,8.41,3.67,30.83,True,False
4693,ok,99.975,19.28,20.66,170.6,ULKOTILA,Outdoor,1.64,2.06,3.39,True,True
4693,ok,99.975,19.28,20.66,170.6,TEKN,TEKN,1.16,1.27,1.47,True,False
4693,ok,99.975,19.28,20.66,170.6,UNDEFINED,UNDEFINED,1.36,2.02,2.76,True,False
4693,ok,99.975,19.28,20.66,170.6,KPH,Bathroom,1.78,2.02,3.59,True,False
4693,ok,99.975,19.28,20.66,170.6,VARASTO,VARASTO,2.36,2.81,6.62,True,False
4693,ok,99.975,19.28,20.66,170.6,MH,Bedroom,2.94,2.54,7.46,True,False
4693,ok,99.975,19.28,20.66,170.6,MH,Bedroom,3.22,2.39,7.7,True,False
4693,ok,99.975,19.28,20.66,170.6,KHH,KHH,3.22,2.52,6.4,False,False
4693,ok,99.975,19.28,20.66,170.6,MH,Bedroom,2.77,3.23,8.93,True,False
4693,ok,99.975,19.28,20.66,170.6,UNDEFINED,UNDEFINED,0.99,0.2,0.2,True,False
4693,ok,99.975,19.28,20.66,170.6,OH,Living room,5.55,3.25,18.02,True,False
4693,ok,99.975,19.28,20.66,170.6,K,Kitchen,3.43,2.55,8.72,True,False
4693,ok,99.975,19.28,20.66,170.6,WC,Toilet,1.53,1.06,1.62,True,False
4693,ok,99.975,19.28,20.66,170.6,ET,Entrance hall,6.78,3.87,13.17,False,False
4693,ok,99.975,19.28,20.66,170.6,KUISTI,KUISTI,1.6,5.26,8.41,True,True
4693,ok,99.975,19.28,20.66,170.6,KUISTI,KUISTI,5.24,1.54,8.05,True,True
4693,ok,99.975,19.28,20.66,170.6,TERASSI,TERASSI,9.81,6.7,40.05,False,True
4693,ok,99.975,19.28,20.66,170.6,ALLAS,ALLAS,1.79,1.76,3.1,True,False
4702,ok,100.013,12.12,10.34,54.49,ET,Entrance hall,1.58,4.3,6.79,True,False
4702,ok,100.013,12.12,10.34,54.49,OH,Living room,5.28,3.58,18.91,True,False
4702,ok,100.013,12.12,10.34,54.49,ULKOTILA,Outdoor,1.58,3.46,5.48,True,True
4702,ok,100.013,12.12,10.34,54.49,MH,Bedroom,3.8,3.58,13.6,True,False
4702,ok,100.013,12.12,10.34,54.49,K,Kitchen,3.8,2.55,9.68,True,False
4702,ok,100.013,12.12,10.34,54.49,KPH,Bathroom,2.05,1.53,3.14,True,False
4702,ok,100.013,12.12,10.34,54.49,VH,Walk-in closet,1.54,1.53,2.36,True,False
4708,ok,99.971,24.51,17.96,195.83,ULKOTILA,Outdoor,7.71,1.44,12.89,False,True
4708,ok,99.971,24.51,17.96,195.83,RT,RT,3.22,3.99,12.41,False,False
4708,ok,99.971,24.51,17.96,195.83,OH,Living room,4.61,3.88,17.92,True,False
4708,ok,99.971,24.51,17.96,195.83,K,Kitchen,2.99,4.86,14.52,True,False
4708,ok,99.971,24.51,17.96,195.83,ET,Entrance hall,2.39,2.52,5.88,False,False
4708,ok,99.971,24.51,17.96,195.83,TERASSI,TERASSI,11.04,1.73,19.11,True,True
4708,ok,99.971,24.51,17.96,195.83,AT,AT,6.94,7.21,48.53,False,False
4708,ok,99.971,24.51,17.96,195.83,MH,Bedroom,2.96,4.71,12.77,False,False
4708,ok,99.971,24.51,17.96,195.83,MH,Bedroom,2.96,4.04,11.03,False,False
4708,ok,99.971,24.51,17.96,195.83,UNDEFINED,UNDEFINED,1.41,4.36,6.15,True,False
4708,ok,99.971,24.51,17.96,195.83,VAR,Storage,3.45,2.84,9.8,True,False
4708,ok,99.971,24.51,17.96,195.83,KHH,KHH,3.45,2.11,7.3,True,False
4708,ok,99.971,24.51,17.96,195.83,MH,Bedroom,2.25,3.29,7.41,True,False
4708,ok,99.971,24.51,17.96,195.83,PUKUH,PUKUH,3.47,1.73,5.8,False,False
4708,ok,99.971,24.51,17.96,195.83,TYÖH,TYÖH,1.94,3.35,6.5,True,False
4708,ok,99.971,24.51,17.96,195.83,UNDEFINED,UNDEFINED,3.48,1.41,4.91,True,False
4708,ok,99.971,24.51,17.96,195.83,UNDEFINED,UNDEFINED,3.45,1.25,4.32,True,False
4708,ok,99.971,24.51,17.96,195.83,PSH,Shower room,2.03,2.74,5.57,True,False
4708,ok,99.971,24.51,17.96,195.83,UNDEFINED,UNDEFINED,1.34,2.74,3.68,True,False
4708,ok,99.971,24.51,17.96,195.83,UNDEFINED,UNDEFINED,2.25,1.46,3.28,True,False
4708,ok,99.971,24.51,17.96,195.83,UNDEFINED,UNDEFINED,1.94,0.9,1.74,True,False
4708,ok,99.971,24.51,17.96,195.83,TK,Utility,1.18,1.52,1.79,True,False
4708,ok,99.971,24.51,17.96,195.83,VH,Walk-in closet,1.32,1.38,1.83,True,False
4708,ok,99.971,24.51,17.96,195.83,UNDEFINED,UNDEFINED,1.1,1.52,1.67,True,False
4708,ok,99.971,24.51,17.96,195.83,WC,Toilet,1.04,0.99,1.02,True,False
4712,ok,100.018,12.59,13.99,67.18,UNDEFINED,UNDEFINED,1.27,1.63,2.07,True,False
4712,ok,100.018,12.59,13.99,67.18,KK,KK,3.13,2.75,6.56,False,False
4712,ok,100.018,12.59,13.99,67.18,OH,Living room,4.0,6.38,25.53,True,False
4712,ok,100.018,12.59,13.99,67.18,ET,Entrance hall,3.23,1.9,6.14,True,False
4712,ok,100.018,12.59,13.99,67.18,MH,Bedroom,3.61,6.38,23.03,True,False
4712,ok,100.018,12.59,13.99,67.18,PIHA,PIHA,11.41,4.76,54.29,True,True
4712,ok,100.018,12.59,13.99,67.18,UNDEFINED,UNDEFINED,1.76,2.19,3.86,True,False
4723,estimated,100.0,15.29,8.81,55.22,UNDEFINED,UNDEFINED,3.27,3.22,9.52,False,False
4723,estimated,100.0,15.29,8.81,55.22,UNDEFINED,UNDEFINED,4.99,3.52,17.27,True,False
4723,estimated,100.0,15.29,8.81,55.22,ULKOTILA,Outdoor,1.49,4.57,6.82,True,True
4723,estimated,100.0,15.29,8.81,55.22,UNDEFINED,UNDEFINED,3.72,3.63,11.69,False,False
4723,estimated,100.0,15.29,8.81,55.22,UNDEFINED,UNDEFINED,3.72,3.09,11.51,True,False
4723,estimated,100.0,15.29,8.81,55.22,UNDEFINED,UNDEFINED,1.71,1.75,3.0,True,False
4723,estimated,100.0,15.29,8.81,55.22,UNDEFINED,UNDEFINED,1.47,1.52,2.24,True,False
4738,ok,100.03,11.96,10.9,88.66,OH,Living room,5.71,3.67,20.95,True,False
4738,ok,100.03,11.96,10.9,88.66,MH,Bedroom,4.12,3.67,15.12,True,False
4738,ok,100.03,11.96,10.9,88.66,LASITETTU PARVEKE,LASITETTU PARVEKE,1.49,3.52,5.24,True,True
4738,ok,100.03,11.96,10.9,88.66,K,Kitchen,3.66,3.72,13.61,True,False
4738,ok,100.03,11.96,10.9,88.66,MH,Bedroom,3.63,3.72,13.51,True,False
4738,ok,100.03,11.96,10.9,88.66,ET,Entrance hall,3.46,3.72,8.21,False,False
4738,ok,100.03,11.96,10.9,88.66,MH,Bedroom,3.66,2.56,9.38,True,False
4738,ok,100.03,11.96,10.9,88.66,WC,Toilet,1.68,1.38,2.33,True,False
4738,ok,100.03,11.96,10.9,88.66,KH,Utility room,1.64,1.29,2.04,False,False
4738,ok,100.03,11.96,10.9,88.66,UNDEFINED,UNDEFINED,1.68,1.06,1.78,True,False
4738,ok,100.03,11.96,10.9,88.66,UNDEFINED,UNDEFINED,1.5,1.16,1.74,True,False
4745,ok,100.066,8.93,13.07,62.63,ULKOTILA,Outdoor,1.19,0.48,0.57,True,True
4745,ok,100.066,8.93,13.07,62.63,K,Kitchen,3.12,3.28,10.14,True,False
4745,ok,100.066,8.93,13.07,62.63,OH,Living room,4.53,4.7,21.27,True,False
4745,ok,100.066,8.93,13.07,62.63,ET,Entrance hall,5.47,2.22,4.87,False,False
4745,ok,100.066,8.93,13.07,62.63,ULKOTILA,Outdoor,2.43,1.32,3.2,True,True
4745,ok,100.066,8.93,13.07,62.63,UNDEFINED,UNDEFINED,1.49,1.52,2.26,True,False
4745,ok,100.066,8.93,13.07,62.63,KPH,Bathroom,2.08,3.63,5.6,False,False
4745,ok,100.066,8.93,13.07,62.63,MH,Bedroom,3.85,3.73,13.61,False,False
4745,ok,100.066,8.93,13.07,62.63,UNDEFINED,UNDEFINED,1.41,1.31,1.85,True,False
4745,ok,100.066,8.93,13.07,62.63,UNDEFINED,UNDEFINED,1.07,1.52,1.62,True,False
4745,ok,100.066,8.93,13.07,62.63,VAR,Storage,0.92,1.52,1.4,True,False
4746,ok,100.021,9.63,19.44,114.76,TK,Utility,1.1,0.85,0.93,True,False
4746,ok,100.021,9.63,19.44,114.76,UNDEFINED,UNDEFINED,1.65,1.58,2.47,False,False
4746,ok,100.021,9.63,19.44,114.76,VH,Walk-in closet,1.92,1.37,2.64,True,False
4746,ok,100.021,9.63,19.44,114.76,VAR,Storage,1.7,3.55,6.02,True,False
4746,ok,100.021,9.63,19.44,114.76,MH,Bedroom,2.54,3.27,8.28,True,False
4746,ok,100.021,9.63,19.44,114.76,MH,Bedroom,2.81,3.27,9.2,True,False
4746,ok,100.021,9.63,19.44,114.76,KATETTU OSUUS,KATETTU OSUUS,4.89,4.16,15.49,False,False
4746,ok,100.021,9.63,19.44,114.76,UNDEFINED,UNDEFINED,6.77,5.42,31.64,False,False
4746,ok,100.021,9.63,19.44,114.76,ET,Entrance hall,1.73,4.54,5.86,False,False
4746,ok,100.021,9.63,19.44,114.76,UNDEFINED,UNDEFINED,2.55,0.0,0.01,True,False
4746,ok,100.021,9.63,19.44,114.76,KEITTIÖ,KEITTIÖ,2.69,3.44,9.18,False,False
4746,ok,100.021,9.63,19.44,114.76,OH,Living room,4.07,4.73,18.37,False,False
4746,ok,100.021,9.63,19.44,114.76,ULKOTILA,Outdoor,0.92,1.05,0.97,True,True
4746,ok,100.021,9.63,19.44,114.76,PESU,PESU,2.81,1.45,3.7,False,False
4746,ok,100.021,9.63,19.44,114.76,WC,Toilet,1.01,0.97,0.98,True,False
4767,ok,100.114,14.62,9.38,77.65,K,Kitchen,2.9,2.25,6.51,True,False
4767,ok,100.114,14.62,9.38,77.65,RT,RT,2.29,2.25,5.16,True,False
4767,ok,100.114,14.62,9.38,77.65,ET,Entrance hall,1.85,5.56,11.18,False,False
4767,ok,100.114,14.62,9.38,77.65,OH,Living room,4.63,3.93,18.16,True,False
4767,ok,100.114,14.62,9.38,77.65,KH,Utility room,1.23,2.37,2.73,False,False
4767,ok,100.114,14.62,9.38,77.65,WC,Toilet,1.15,2.49,2.85,False,False
4767,ok,100.114,14.62,9.38,77.65,MH,Bedroom,3.84,2.92,11.2,False,False
4767,ok,100.114,14.62,9.38,77.65,MH,Bedroom,3.84,2.21,8.47,False,False
4767,ok,100.114,14.62,9.38,77.65,MH,Bedroom,3.84,2.13,8.15,True,False
4767,ok,100.114,14.62,9.38,77.65,LASITETTU PARVEKE,LASITETTU PARVEKE,2.02,3.3,6.65,True,True
4767,ok,100.114,14.62,9.38,77.65,SAUNA,SAUNA,1.26,1.52,1.9,False,False
4767,ok,100.114,14.62,9.38,77.65,VH,Walk-in closet,1.04,1.28,1.33,True,False
4773,ok,100.022,21.7,15.83,123.2,ULKOTILA,Outdoor,1.96,0.7,1.37,True,True
4773,ok,100.022,21.7,15.83,123.2,K,Kitchen,2.39,3.58,8.54,True,False
4773,ok,100.022,21.7,15.83,123.2,ET,Entrance hall,2.2,3.58,7.88,True,False
4773,ok,100.022,21.7,15.83,123.2,OH,Living room,4.7,4.84,22.78,True,False
4773,ok,100.022,21.7,15.83,123.2,KUISTI,KUISTI,3.1,4.49,13.89,True,True
4773,ok,100.022,21.7,15.83,123.2,UNDEFINED,UNDEFINED,3.11,4.24,13.21,True,False
4773,ok,100.022,21.7,15.83,123.2,TUPA,TUPA,3.3,2.66,8.79,True,False
4773,ok,100.022,21.7,15.83,123.2,UNDEFINED,UNDEFINED,1.55,1.96,3.03,True,False
4773,ok,100.022,21.7,15.83,123.2,ET,Entrance hall,1.72,1.45,2.5,True,False
4773,ok,100.022,21.7,15.83,123.2,UNDEFINED,UNDEFINED,1.55,1.51,2.34,True,False
4773,ok,100.022,21.7,15.83,123.2,UNDEFINED,UNDEFINED,1.45,1.45,2.1,True,False
4773,ok,100.022,21.7,15.83,123.2,ULKOTILA,Outdoor,1.65,1.78,2.94,True,True
4773,ok,100.022,21.7,15.83,123.2,MH,Bedroom,4.47,4.71,19.29,False,False
4773,ok,100.022,21.7,15.83,123.2,ET,Entrance hall,2.12,4.29,9.11,True,False
4773,ok,100.022,21.7,15.83,123.2,MH,Bedroom,3.15,4.58,14.44,True,False
4773,ok,100.022,21.7,15.83,123.2,MH,Bedroom,2.39,1.96,4.68,True,False
4773,ok,100.022,21.7,15.83,123.2,UNDEFINED,UNDEFINED,2.39,2.22,4.51,False,False
4792,ok,100.089,8.37,12.15,76.56,MH/TYÖH,MH/TYÖH,2.85,2.44,6.98,False,False
4792,ok,100.089,8.37,12.15,76.56,TUPAK,TUPAK,7.59,5.94,37.19,False,False
4792,ok,100.089,8.37,12.15,76.56,UNDEFINED,UNDEFINED,4.08,5.58,15.82,False,False
4792,ok,100.089,8.37,12.15,76.56,MH,Bedroom,3.49,2.49,8.51,True,False
4792,ok,100.089,8.37,12.15,76.56,WC,Toilet,1.23,2.85,3.34,False,False
4792,ok,100.089,8.37,12.15,76.56,VH,Walk-in closet,2.02,1.74,3.24,False,False
4792,ok,100.089,8.37,12.15,76.56,UNDEFINED,UNDEFINED,1.23,1.2,1.48,True,False
4793,ok,100.081,13.7,13.83,74.72,TERASSI,TERASSI,2.33,2.99,6.96,True,True
4793,ok,100.081,13.7,13.83,74.72,ULKOTILA,Outdoor,1.03,2.11,2.16,True,True
4793,ok,100.081,13.7,13.83,74.72,WC,Toilet,1.24,1.82,2.26,True,False
4793,ok,100.081,13.7,13.83,74.72,PESU,PESU,1.22,1.12,1.22,False,False
4793,ok,100.081,13.7,13.83,74.72,UNDEFINED,UNDEFINED,2.44,1.57,3.82,True,False
4793,ok,100.081,13.7,13.83,74.72,OLESKELU,OLESKELU,3.06,4.38,12.99,False,False
4793,ok,100.081,13.7,13.83,74.72,KEITTIÖ,KEITTIÖ,2.66,9.11,18.9,False,False
4793,ok,100.081,13.7,13.83,74.72,MH,Bedroom,3.71,4.08,15.12,True,False
4793,ok,100.081,13.7,13.83,74.72,MH,Bedroom,3.22,4.38,14.1,True,False
4793,ok,100.081,13.7,13.83,74.72,VH,Walk-in closet,3.22,1.48,4.77,True,False
4793,ok,100.081,13.7,13.83,74.72,UNDEFINED,UNDEFINED,1.24,1.23,1.53,True,False
4796,ok,100.066,12.37,19.18,137.92,UNDEFINED,UNDEFINED,1.1,1.1,1.21,True,False
4796,ok,100.066,12.37,19.18,137.92,TK,Utility,1.19,1.19,1.42,True,False
4796,ok,100.066,12.37,19.18,137.92,UNDEFINED,UNDEFINED,1.01,1.85,1.79,False,False
4796,ok,100.066,12.37,19.18,137.92,MH,Bedroom,3.16,2.79,8.8,True,False
4796,ok,100.066,12.37,19.18,137.92,K,Kitchen,2.57,4.78,12.25,True,False
4796,ok,100.066,12.37,19.18,137.92,MH,Bedroom,3.6,3.82,12.42,False,False
4796,ok,100.066,12.37,19.18,137.92,MH,Bedroom,2.96,3.82,10.3,False,False
4796,ok,100.066,12.37,19.18,137.92,AUTOTALLI,Garage,2.72,4.61,12.53,True,False
4796,ok,100.066,12.37,19.18,137.92,OH,Living room,4.09,6.57,26.89,True,False
4796,ok,100.066,12.37,19.18,137.92,ET,Entrance hall,4.52,5.69,13.73,False,False
4796,ok,100.066,12.37,19.18,137.92,TK,Utility,1.07,1.55,1.66,True,False
4796,ok,100.066,12.37,19.18,137.92,KATT.H,KATT.H,3.2,1.55,2.41,False,False
4796,ok,100.066,12.37,19.18,137.92,ULKOTILA,Outdoor,0.33,1.0,0.33,True,True
4796,ok,100.066,12.37,19.18,137.92,MH,Bedroom,4.28,2.72,11.61,True,False
4796,ok,100.066,12.37,19.18,137.92,TH,Workshop,4.38,3.29,13.38,False,False
4796,ok,100.066,12.37,19.18,137.92,ULKOTILA,Outdoor,1.19,1.03,1.23,True,True
4796,ok,100.066,12.37,19.18,137.92,PSH,Shower room,2.49,1.85,4.61,True,False
4796,ok,100.066,12.37,19.18,137.92,UNDEFINED,UNDEFINED,1.63,1.85,2.91,False,False
4815,ok,100.015,17.54,10.06,89.99,UNDEFINED,UNDEFINED,6.48,4.47,14.31,False,False
4815,ok,100.015,17.54,10.06,89.99,UNDEFINED,UNDEFINED,5.45,0.79,5.47,False,False
4815,ok,100.015,17.54,10.06,89.99,UNDEFINED,UNDEFINED,1.97,2.57,5.04,True,False
4815,ok,100.015,17.54,10.06,89.99,UNDEFINED,UNDEFINED,1.76,2.57,4.5,True,False
4815,ok,100.015,17.54,10.06,89.99,ULKOTILA,Outdoor,1.76,2.57,4.52,True,True
4815,ok,100.015,17.54,10.06,89.99,ET,Entrance hall,2.96,1.75,5.17,True,False
4815,ok,100.015,17.54,10.06,89.99,TK,Utility,1.81,1.74,2.91,False,False
4815,ok,100.015,17.54,10.06,89.99,K,Kitchen,2.86,2.71,7.49,False,False
4815,ok,100.015,17.54,10.06,89.99,OH,Living room,3.45,4.46,15.39,True,False
4815,ok,100.015,17.54,10.06,89.99,PARVEKE,Balcony,0.97,2.06,2.01,True,True
4815,ok,100.015,17.54,10.06,89.99,ET,Entrance hall,4.61,1.78,7.7,False,False
4815,ok,100.015,17.54,10.06,89.99,MH,Bedroom,3.53,2.55,9.01,True,False
4815,ok,100.015,17.54,10.06,89.99,MH,Bedroom,3.53,1.77,6.25,True,False
4815,ok,100.015,17.54,10.06,89.99,KH,Utility room,1.5,2.54,3.81,True,False
4815,ok,100.015,17.54,10.06,89.99,VH,Walk-in closet,1.22,1.71,2.09,True,False
4815,ok,100.015,17.54,10.06,89.99,VH,Walk-in closet,1.22,0.7,0.86,True,False
4817,ok,100.074,10.29,15.24,79.27,TERASSI,TERASSI,4.5,1.93,8.7,True,True
4817,ok,100.074,10.29,15.24,79.27,K,Kitchen,2.71,3.53,9.55,True,False
4817,ok,100.074,10.29,15.24,79.27,OH,Living room,4.35,5.32,19.94,False,False
4817,ok,100.074,10.29,15.24,79.27,ULKOTILA,Outdoor,2.55,1.49,3.8,True,True
4817,ok,100.074,10.29,15.24,79.27,UNDEFINED,UNDEFINED,0.61,0.11,0.08,False,False
4817,ok,100.074,10.29,15.24,79.27,ET,Entrance hall,1.52,3.44,5.14,True,False
4817,ok,100.074,10.29,15.24,79.27,VAR,Storage,2.43,1.97,4.78,True,False
4817,ok,100.074,10.29,15.24,79.27,WC,Toilet,1.51,1.77,2.62,True,False
4817,ok,100.074,10.29,15.24,79.27,UNDEFINED,UNDEFINED,1.71,0.0,0.0,False,False
4817,ok,100.074,10.29,15.24,79.27,PH/KHH,PH/KHH,1.6,3.73,5.94,True,False
4817,ok,100.074,10.29,15.24,79.27,AULA,AULA,2.65,1.91,4.77,False,False
4817,ok,100.074,10.29,15.24,79.27,MH,Bedroom,4.37,3.4,12.39,False,False
4817,ok,100.074,10.29,15.24,79.27,UNDEFINED,UNDEFINED,1.37,1.78,2.43,True,False
4817,ok,100.074,10.29,15.24,79.27,UNDEFINED,UNDEFINED,1.48,1.88,0.36,False,False
4817,ok,100.074,10.29,15.24,79.27,MH,Bedroom,2.65,3.41,8.95,True,False
4817,ok,100.074,10.29,15.24,79.27,UNDEFINED,UNDEFINED,1.57,1.48,2.32,True,False
4817,ok,100.074,10.29,15.24,79.27,LASITETTU PARVEKE,LASITETTU PARVEKE,3.1,1.81,5.59,True,True
4835,ok,100.021,15.17,15.6,106.78,VH,Walk-in closet,2.57,2.35,6.02,True,False
4835,ok,100.021,15.17,15.6,106.78,KPH,Bathroom,3.49,2.35,8.19,True,False
4835,ok,100.021,15.17,15.6,106.78,MH,Bedroom,3.34,4.26,14.23,True,False
4835,ok,100.021,15.17,15.6,106.78,MH,Bedroom,2.72,4.26,11.58,True,False
4835,ok,100.021,15.17,15.6,106.78,UNDEFINED,UNDEFINED,4.27,1.86,7.95,True,False
4835,ok,100.021,15.17,15.6,106.78,UNDEFINED,UNDEFINED,1.79,1.86,3.33,True,False
4835,ok,100.021,15.17,15.6,106.78,UNDEFINED,UNDEFINED,3.65,3.41,11.22,False,False
4835,ok,100.021,15.17,15.6,106.78,OH,Living room,3.65,4.29,15.68,True,False
4835,ok,100.021,15.17,15.6,106.78,K,Kitchen,2.31,3.44,7.05,False,False
4835,ok,100.021,15.17,15.6,106.78,R,R,2.31,2.36,5.44,True,False
4835,ok,100.021,15.17,15.6,106.78,PARVEKE,Balcony,6.08,1.4,8.48,True,True
4835,ok,100.021,15.17,15.6,106.78,ULKOTILA,Outdoor,1.4,1.28,1.8,True,True
4835,ok,100.021,15.17,15.6,106.78,MH,Bedroom,2.86,2.89,8.24,True,False
4835,ok,100.021,15.17,15.6,106.78,VAR,Storage,1.75,2.42,4.24,True,False
4835,ok,100.021,15.17,15.6,106.78,WC,Toilet,1.56,0.98,1.52,True,False
4835,ok,100.021,15.17,15.6,106.78,UNDEFINED,UNDEFINED,1.43,0.98,1.4,True,False
4835,ok,100.021,15.17,15.6,106.78,UNDEFINED,UNDEFINED,0.78,0.88,0.69,True,False
4836,ok,99.978,18.32,15.6,111.75,VH,Walk-in closet,2.64,2.4,6.35,True,False
4836,ok,99.978,18.32,15.6,111.75,KPH,Bathroom,3.6,2.4,8.65,True,False
4836,ok,99.978,18.32,15.6,111.75,MH,Bedroom,2.78,4.39,12.2,True,False
4836,ok,99.978,18.32,15.6,111.75,MH,Bedroom,3.46,4.39,15.17,True,False
4836,ok,99.978,18.32,15.6,111.75,UNDEFINED,UNDEFINED,1.74,1.92,3.34,True,False
4836,ok,99.978,18.32,15.6,111.75,UNDEFINED,UNDEFINED,4.51,1.92,8.39,False,False
4836,ok,99.978,18.32,15.6,111.75,UNDEFINED,UNDEFINED,1.44,0.96,1.38,True,False
4836,ok,99.978,18.32,15.6,111.75,WC,Toilet,1.61,0.96,1.55,True,False
4836,ok,99.978,18.32,15.6,111.75,VAR,Storage,1.8,2.45,4.42,True,False
4836,ok,99.978,18.32,15.6,111.75,MH,Bedroom,2.88,2.93,8.43,True,False
4836,ok,99.978,18.32,15.6,111.75,PARVEKE,Balcony,6.21,1.73,10.77,True,True
4836,ok,99.978,18.32,15.6,111.75,UNDEFINED,UNDEFINED,3.73,3.55,11.93,False,False
4836,ok,99.978,18.32,15.6,111.75,OH,Living room,3.73,4.35,16.21,True,False
4836,ok,99.978,18.32,15.6,111.75,R,R,2.34,2.39,5.6,True,False
4836,ok,99.978,18.32,15.6,111.75,K,Kitchen,2.34,3.54,8.14,True,False
4836,ok,99.978,18.32,15.6,111.75,ULKOTILA,Outdoor,1.46,1.34,1.95,True,True
4841,ok,100.041,11.3,7.2,70.6,PARVEKE,Balcony,3.54,1.41,4.99,True,True
4841,ok,100.041,11.3,7.2,70.6,OH,Living room,4.47,6.78,30.26,True,False
4841,ok,100.041,11.3,7.2,70.6,MH,Bedroom,3.53,6.78,23.81,True,False
4841,ok,100.041,11.3,7.2,70.6,K,Kitchen,2.67,2.01,5.11,False,False
4841,ok,100.041,11.3,7.2,70.6,ET,Entrance hall,2.55,2.63,7.01,False,False
4841,ok,100.041,11.3,7.2,70.6,KHH,KHH,2.46,1.94,4.41,False,False
4851,ok,100.044,9.16,8.48,67.24,UNDEFINED,UNDEFINED,3.18,2.88,7.21,False,False
4851,ok,100.044,9.16,8.48,67.24,OH,Living room,4.29,3.72,15.97,True,False
4851,ok,100.044,9.16,8.48,67.24,H,H,3.93,3.72,14.63,True,False
4851,ok,100.044,9.16,8.48,67.24,UNDEFINED,UNDEFINED,2.17,4.09,9.58,False,False
4851,ok,100.044,9.16,8.48,67.24,H,H,3.93,2.69,10.56,True,False
4851,ok,100.044,9.16,8.48,67.24,UNDEFINED,UNDEFINED,2.75,1.28,3.53,True,False
4851,ok,100.044,9.16,8.48,67.24,TK,Utility,1.4,1.21,1.69,True,False
4851,ok,100.044,9.16,8.48,67.24,K,Kitchen,2.17,1.89,4.09,True,False
4860,ok,100.051,10.78,6.12,40.26,ULKOTILA,Outdoor,1.25,3.69,4.62,True,True
4860,ok,100.051,10.78,6.12,40.26,ET,Entrance hall,1.11,3.33,3.71,True,False
4860,ok,100.051,10.78,6.12,40.26,OH,Living room,4.83,3.57,16.2,False,False
4860,ok,100.051,10.78,6.12,40.26,K,Kitchen,3.41,2.43,7.9,False,False
4860,ok,100.051,10.78,6.12,40.26,MH,Bedroom,3.41,2.43,8.28,True,False
4860,ok,100.051,10.78,6.12,40.26,KH,Utility room,1.66,1.53,2.53,True,False
4860,ok,100.051,10.78,6.12,40.26,VH,Walk-in closet,1.26,1.29,1.63,True,False
4871,ok,99.962,12.15,8.54,60.82,PARVEKE,Balcony,1.37,4.15,5.69,True,True
4871,ok,99.962,12.15,8.54,60.82,OH,Living room,5.02,4.14,20.97,True,False
4871,ok,99.962,12.15,8.54,60.82,ET,Entrance hall,3.23,1.42,4.54,True,False
4871,ok,99.962,12.15,8.54,60.82,K,Kitchen,3.13,2.84,8.83,True,False
4871,ok,99.962,12.15,8.54,60.82,MH,Bedroom,4.09,2.77,11.34,True,False
4871,ok,99.962,12.15,8.54,60.82,MH,Bedroom,4.09,2.75,11.23,True,False
4871,ok,99.962,12.15,8.54,60.82,KPH,Bathroom,1.51,1.88,2.84,True,False
4871,ok,99.962,12.15,8.54,60.82,VH,Walk-in closet,0.85,1.26,1.07,True,False
4893,ok,100.049,13.4,8.96,75.07,H,H,5.33,2.89,15.23,True,False
4893,ok,100.049,13.4,8.96,75.07,UNDEFINED,UNDEFINED,1.93,4.44,8.08,False,False
4893,ok,100.049,13.4,8.96,75.07,H,H,6.64,3.66,23.53,False,False
4893,ok,100.049,13.4,8.96,75.07,H,H,3.97,3.66,14.76,False,False
4893,ok,100.049,13.4,8.96,75.07,ULKOTILA,Outdoor,1.64,3.65,5.98,True,True
4893,ok,100.049,13.4,8.96,75.07,K,Kitchen,3.18,2.88,8.81,False,False
4893,ok,100.049,13.4,8.96,75.07,KH,Utility room,1.99,1.4,2.78,True,False
4893,ok,100.049,13.4,8.96,75.07,SAUNA,SAUNA,1.35,1.4,1.89,True,False
4901,ok,100.025,14.08,17.7,100.89,ULKOTILA,Outdoor,5.72,0.99,5.65,True,True
4901,ok,100.025,14.08,17.7,100.89,AT,AT,4.46,5.9,25.83,False,False
4901,ok,100.025,14.08,17.7,100.89,TEKN,TEKN,1.2,2.26,2.59,False,False
4901,ok,100.025,14.08,17.7,100.89,KHH,KHH,1.93,1.61,3.1,True,False
4901,ok,100.025,14.08,17.7,100.89,VH,Walk-in closet,1.2,0.61,0.73,True,False
4901,ok,100.025,14.08,17.7,100.89,UNDEFINED,UNDEFINED,0.59,0.61,0.36,True,False
4901,ok,100.025,14.08,17.7,100.89,PUKUH,PUKUH,1.62,1.66,2.69,True,False
4901,ok,100.025,14.08,17.7,100.89,PSH,Shower room,1.29,2.55,3.3,True,False
4901,ok,100.025,14.08,17.7,100.89,ULKOTILA,Outdoor,1.91,1.61,3.07,True,True
4901,ok,100.025,14.08,17.7,100.89,TERASSI,TERASSI,10.55,1.86,20.25,False,True
4901,ok,100.025,14.08,17.7,100.89,RT,RT,2.11,2.72,5.67,True,False
4901,ok,100.025,14.08,17.7,100.89,UNDEFINED,UNDEFINED,1.64,3.16,5.92,False,False
4901,ok,100.025,14.08,17.7,100.89,UNDEFINED,UNDEFINED,1.99,2.32,4.17,False,False
4901,ok,100.025,14.08,17.7,100.89,K,Kitchen,1.75,2.68,4.65,True,False
4901,ok,100.025,14.08,17.7,100.89,UNDEFINED,UNDEFINED,1.75,0.8,1.4,True,False
4901,ok,100.025,14.08,17.7,100.89,OH,Living room,3.75,2.71,10.14,True,False
4901,ok,100.025,14.08,17.7,100.89,TH,Workshop,1.81,2.71,4.9,True,False
4901,ok,100.025,14.08,17.7,100.89,MH,Bedroom,1.9,3.04,6.18,False,False
4901,ok,100.025,14.08,17.7,100.89,MH,Bedroom,2.04,3.14,6.41,True,False
4901,ok,100.025,14.08,17.7,100.89,MH,Bedroom,1.82,3.04,5.53,True,False
4901,ok,100.025,14.08,17.7,100.89,VH,Walk-in closet,1.64,2.27,2.52,False,False
4901,ok,100.025,14.08,17.7,100.89,UNDEFINED,UNDEFINED,1.91,1.27,2.43,True,False
4901,ok,100.025,14.08,17.7,100.89,UNDEFINED,UNDEFINED,1.03,1.27,1.31,True,False
4901,ok,100.025,14.08,17.7,100.89,UNDEFINED,UNDEFINED,0.89,1.19,1.06,True,False
4901,ok,100.025,14.08,17.7,100.89,ULKOTILA,Outdoor,1.4,2.01,2.82,True,True
4931,ok,100.042,25.33,7.74,146.06,ULKOTILA,Outdoor,1.2,7.43,8.91,True,True
4931,ok,100.042,25.33,7.74,146.06,ULKOTILA,Outdoor,0.32,1.42,0.46,True,True
4931,ok,100.042,25.33,7.74,146.06,ULKOTILA,Outdoor,1.47,1.19,1.75,True,True
4931,ok,100.042,25.33,7.74,146.06,UNDEFINED,UNDEFINED,2.19,1.11,2.42,True,False
4931,ok,100.042,25.33,7.74,146.06,ET,Entrance hall,3.5,4.03,11.83,False,False
4931,ok,100.042,25.33,7.74,146.06,OH,Living room,2.83,4.03,11.58,False,False
4931,ok,100.042,25.33,7.74,146.06,TUPAK,TUPAK,3.42,3.25,11.11,True,False
4931,ok,100.042,25.33,7.74,146.06,K,Kitchen,2.88,3.25,9.34,True,False
4931,ok,100.042,25.33,7.74,146.06,MH,Bedroom,2.76,3.25,8.97,True,False
4931,ok,100.042,25.33,7.74,146.06,KPH,Bathroom,2.16,2.82,6.08,True,False
4931,ok,100.042,25.33,7.74,146.06,UNDEFINED,UNDEFINED,1.64,1.95,3.21,True,False
4931,ok,100.042,25.33,7.74,146.06,ET,Entrance hall,1.64,1.94,3.19,True,False
4931,ok,100.042,25.33,7.74,146.06,VH,Walk-in closet,1.08,1.81,1.95,True,False
4931,ok,100.042,25.33,7.74,146.06,TK,Utility,1.48,0.79,1.17,True,False
4931,ok,100.042,25.33,7.74,146.06,WC,Toilet,1.08,1.29,1.39,True,False
4931,ok,100.042,25.33,7.74,146.06,ULKOTILA,Outdoor,1.08,7.43,7.93,True,True
4931,ok,100.042,25.33,7.74,146.06,ULLAKKO,ULLAKKO,10.66,0.62,6.58,True,False
4931,ok,100.042,25.33,7.74,146.06,MH,Bedroom,3.94,6.67,20.44,False,False
4931,ok,100.042,25.33,7.74,146.06,HALLI,HALLI,3.08,3.72,11.47,True,False
4931,ok,100.042,25.33,7.74,146.06,H,H,3.4,3.08,10.47,True,False
4931,ok,100.042,25.33,7.74,146.06,H,H,3.4,2.41,8.19,True,False
4931,ok,100.042,25.33,7.74,146.06,UNDEFINED,UNDEFINED,3.4,0.94,3.18,True,False
4931,ok,100.042,25.33,7.74,146.06,VH,Walk-in closet,1.86,2.83,5.26,True,False
4931,ok,100.042,25.33,7.74,146.06,UNDEFINED,UNDEFINED,1.73,2.83,4.89,True,False
4931,ok,100.042,25.33,7.74,146.06,UNDEFINED,UNDEFINED,1.23,1.42,1.75,True,False
4931,ok,100.042,25.33,7.74,146.06,UNDEFINED,UNDEFINED,1.23,1.29,1.58,True,False
4933,ok,99.99,9.51,11.92,50.05,PARVEKE,Balcony,2.83,2.93,8.3,True,True
4933,ok,99.99,9.51,11.92,50.05,K,Kitchen,2.63,2.28,6.13,False,False
4933,ok,99.99,9.51,11.92,50.05,ET,Entrance hall,2.08,2.55,4.85,False,False
4933,ok,99.99,9.51,11.92,50.05,OH,Living room,4.36,3.92,16.47,False,False
4933,ok,99.99,9.51,11.92,50.05,H,H,3.56,2.92,10.39,True,False
4933,ok,99.99,9.51,11.92,50.05,KPH,Bathroom,2.19,2.89,6.32,True,False
4933,ok,99.99,9.51,11.92,50.05,VH,Walk-in closet,2.19,1.4,3.07,True,False
4933,ok,99.99,9.51,11.92,50.05,UNDEFINED,UNDEFINED,1.82,1.55,2.82,True,False
4936,ok,100.062,11.05,8.72,79.96,ET,Entrance hall,4.81,4.27,13.56,False,False
4936,ok,100.062,11.05,8.72,79.96,OH,Living room,6.3,4.16,26.22,True,False
4936,ok,100.062,11.05,8.72,79.96,K,Kitchen,3.13,4.08,12.76,False,False
4936,ok,100.062,11.05,8.72,79.96,PARVEKE,Balcony,1.04,4.19,4.36,True,True
4936,ok,100.062,11.05,8.72,79.96,MH,Bedroom,5.84,4.13,24.05,True,False
4936,ok,100.062,11.05,8.72,79.96,KH,Utility room,1.89,1.78,3.36,True,False
4990,ok,100.0,31.48,13.61,192.15,UNDEFINED,UNDEFINED,2.09,1.79,3.12,False,False
4990,ok,100.0,31.48,13.61,192.15,KELLARI,KELLARI,2.43,3.32,8.08,True,False
4990,ok,100.0,31.48,13.61,192.15,VARASTO,VARASTO,7.1,3.61,25.62,True,False
4990,ok,100.0,31.48,13.61,192.15,UNDEFINED,UNDEFINED,1.33,3.61,4.79,True,False
4990,ok,100.0,31.48,13.61,192.15,KATETTU TERASSI,KATETTU TERASSI,2.63,4.11,10.82,True,True
4990,ok,100.0,31.48,13.61,192.15,UNDEFINED,UNDEFINED,0.5,0.45,0.23,True,False
4990,ok,100.0,31.48,13.61,192.15,UNDEFINED,UNDEFINED,0.38,0.74,0.29,True,False
4990,ok,100.0,31.48,13.61,192.15,UNDEFINED,UNDEFINED,0.76,1.16,0.88,True,False
4990,ok,100.0,31.48,13.61,192.15,UNDEFINED,UNDEFINED,1.04,1.27,1.32,True,False
4990,ok,100.0,31.48,13.61,192.15,SH,SH,0.92,2.37,2.17,True,False
4990,ok,100.0,31.48,13.61,192.15,KUISTI,KUISTI,2.48,3.54,8.8,True,True
4990,ok,100.0,31.48,13.61,192.15,ET,Entrance hall,2.17,4.9,9.3,False,False
4990,ok,100.0,31.48,13.61,192.15,KHH,KHH,3.55,4.24,12.18,False,False
4990,ok,100.0,31.48,13.61,192.15,MH,Bedroom,4.46,3.34,14.91,True,False
4990,ok,100.0,31.48,13.61,192.15,K,Kitchen,4.78,4.9,21.36,False,False
4990,ok,100.0,31.48,13.61,192.15,OH,Living room,4.08,4.71,18.94,True,False
4990,ok,100.0,31.48,13.61,192.15,RT,RT,3.02,3.82,11.52,True,False
4990,ok,100.0,31.48,13.61,192.15,UNDEFINED,UNDEFINED,0.87,1.14,0.99,True,False
4990,ok,100.0,31.48,13.61,192.15,WC,Toilet,2.19,1.13,2.47,True,False
4990,ok,100.0,31.48,13.61,192.15,VH,Walk-in closet,1.4,3.46,4.85,True,False
4990,ok,100.0,31.48,13.61,192.15,UNDEFINED,UNDEFINED,0.41,3.76,1.54,True,False
4990,ok,100.0,31.48,13.61,192.15,AULA,AULA,2.42,5.03,13.18,False,False
4990,ok,100.0,31.48,13.61,192.15,MH,Bedroom,3.96,5.03,16.54,False,False
4990,ok,100.0,31.48,13.61,192.15,MH,Bedroom,5.54,3.46,17.87,False,False
5011,ok,100.025,13.1,10.01,94.53,ULKOTILA,Outdoor,2.04,4.15,8.43,True,True
5011,ok,100.025,13.1,10.01,94.53,UNDEFINED,UNDEFINED,3.18,5.31,11.26,False,False
5011,ok,100.025,13.1,10.01,94.53,UNDEFINED,UNDEFINED,4.95,2.49,12.14,True,False
5011,ok,100.025,13.1,10.01,94.53,UNDEFINED,UNDEFINED,7.1,4.14,29.36,True,False
5011,ok,100.025,13.1,10.01,94.53,UNDEFINED,UNDEFINED,4.02,3.38,13.59,True,False
5011,ok,100.025,13.1,10.01,94.53,UNDEFINED,UNDEFINED,4.02,3.14,12.6,True,False
5011,ok,100.025,13.1,10.01,94.53,UNDEFINED,UNDEFINED,4.02,2.64,10.6,True,False
5011,ok,100.025,13.1,10.01,94.53,UNDEFINED,UNDEFINED,1.54,1.98,3.05,True,False
5011,ok,100.025,13.1,10.01,94.53,UNDEFINED,UNDEFINED,1.54,1.24,1.92,True,False
5012,ok,100.015,35.94,22.46,256.33,ASK,ASK,3.2,4.46,14.24,True,False
5012,ok,100.015,35.94,22.46,256.33,VARASTO,VARASTO,3.31,7.72,25.5,True,False
5012,ok,100.015,35.94,22.46,256.33,UNDEFINED,UNDEFINED,5.57,2.96,16.47,True,False
5012,ok,100.015,35.94,22.46,256.33,AUTOTALLI,Garage,4.45,4.46,19.84,True,False
5012,ok,100.015,35.94,22.46,256.33,UNDEFINED,UNDEFINED,2.08,2.88,6.0,True,False
5012,ok,100.015,35.94,22.46,256.33,ULKOTILA,Outdoor,1.47,1.21,1.77,True,True
5012,ok,100.015,35.94,22.46,256.33,RT,RT,2.88,3.9,11.23,True,False
5012,ok,100.015,35.94,22.46,256.33,KEITTIÖ,KEITTIÖ,3.08,3.74,10.29,False,False
5012,ok,100.015,35.94,22.46,256.33,OH,Living room,5.73,3.79,21.74,True,False
5012,ok,100.015,35.94,22.46,256.33,ET,Entrance hall,2.43,6.73,15.47,False,False
5012,ok,100.015,35.94,22.46,256.33,MH,Bedroom,3.47,3.78,13.12,True,False
5012,ok,100.015,35.94,22.46,256.33,UNDEFINED,UNDEFINED,0.17,1.82,0.31,True,False
5012,ok,100.015,35.94,22.46,256.33,WC,Toilet,3.49,1.82,6.36,True,False
5012,ok,100.015,35.94,22.46,256.33,PH,PH,3.47,1.75,6.07,True,False
5012,ok,100.015,35.94,22.46,256.33,TK,Utility,2.06,0.83,1.71,True,False
5012,ok,100.015,35.94,22.46,256.33,TERASSI,TERASSI,4.73,8.09,37.45,False,True
5012,ok,100.015,35.94,22.46,256.33,PARVEKE,Balcony,2.04,7.79,15.87,True,True
5012,ok,100.015,35.94,22.46,256.33,MH,Bedroom,3.56,3.68,13.28,False,False
5012,ok,100.015,35.94,22.46,256.33,VH,Walk-in closet,2.16,3.68,7.94,True,False
5012,ok,100.015,35.94,22.46,256.33,H,H,5.95,3.95,23.46,True,False
5012,ok,100.015,35.94,22.46,256.33,UNDEFINED,UNDEFINED,2.16,5.49,11.74,True,False
5012,ok,100.015,35.94,22.46,256.33,MH,Bedroom,3.48,3.94,12.63,False,False
5012,ok,100.015,35.94,22.46,256.33,MH,Bedroom,3.48,4.48,14.47,False,False
5012,ok,100.015,35.94,22.46,256.33,KH,Utility room,2.07,2.14,4.44,True,False
5014,ok,99.987,10.15,7.77,37.33,UNDEFINED,UNDEFINED,1.98,1.99,3.95,True,False
5014,ok,99.987,10.15,7.77,37.33,PESUH,PESUH,2.53,2.0,5.03,True,False
5014,ok,99.987,10.15,7.77,37.33,KUISTI,KUISTI,6.37,2.32,14.77,True,True
5014,ok,99.987,10.15,7.77,37.33,TUPA,TUPA,4.09,4.29,15.85,False,False
5014,ok,99.987,10.15,7.77,37.33,KK,KK,2.07,2.01,4.16,True,False
5014,ok,99.987,10.15,7.77,37.33,MH,Bedroom,4.15,2.01,8.33,True,False
5024,ok,100.015,13.82,7.77,64.66,PARVEKE,Balcony,1.59,3.86,6.14,True,True
5024,ok,100.015,13.82,7.77,64.66,OH,Living room,6.64,3.86,25.65,True,False
5024,ok,100.015,13.82,7.77,64.66,UNDEFINED,UNDEFINED,3.38,3.51,7.15,False,False
5024,ok,100.015,13.82,7.77,64.66,MH,Bedroom,4.83,3.87,18.66,True,False
5024,ok,100.015,13.82,7.77,64.66,K,Kitchen,3.01,3.26,9.82,True,False
5024,ok,100.015,13.82,7.77,64.66,KH,Utility room,1.71,1.98,3.38,True,False
5026,ok,100.05,6.87,10.05,46.28,ULKOTILA,Outdoor,1.29,1.09,1.4,True,True
5026,ok,100.05,6.87,10.05,46.28,VH,Walk-in closet,1.39,0.93,1.2,False,False
5026,ok,100.05,6.87,10.05,46.28,UNDEFINED,UNDEFINED,1.46,1.85,2.71,True,False
5026,ok,100.05,6.87,10.05,46.28,KH,Utility room,1.44,3.42,4.72,False,False
5026,ok,100.05,6.87,10.05,46.28,MH,Bedroom,3.37,2.65,9.5,False,False
5026,ok,100.05,6.87,10.05,46.28,OH,Living room,3.68,4.63,17.02,True,False
5026,ok,100.05,6.87,10.05,46.28,K,Kitchen,2.81,2.36,5.93,False,False
5026,ok,100.05,6.87,10.05,46.28,ET,Entrance hall,1.99,3.4,5.21,False,False
5042,ok,100.009,12.01,13.07,92.45,LASIKUISTI,LASIKUISTI,4.53,3.43,15.53,True,True
5042,ok,100.009,12.01,13.07,92.45,K,Kitchen,2.45,4.52,10.99,True,False
5042,ok,100.009,12.01,13.07,92.45,RUOK,Dining,2.56,4.52,11.55,True,False
5042,ok,100.009,12.01,13.07,92.45,OH,Living room,6.21,3.92,18.69,False,False
5042,ok,100.009,12.01,13.07,92.45,ET,Entrance hall,1.74,2.83,4.93,True,False
5042,ok,100.009,12.01,13.07,92.45,PATIO,Patio,6.76,3.6,19.72,False,True
5042,ok,100.009,12.01,13.07,92.45,MH,Bedroom,3.92,4.56,17.9,True,False
5042,ok,100.009,12.01,13.07,92.45,MH,Bedroom,2.72,3.71,10.08,True,False
5042,ok,100.009,12.01,13.07,92.45,KHH,KHH,1.85,2.51,4.65,True,False
5042,ok,100.009,12.01,13.07,92.45,VAR,Storage,2.62,1.38,3.62,True,False
5042,ok,100.009,12.01,13.07,92.45,PH,PH,1.85,2.15,3.98,True,False
5042,ok,100.009,12.01,13.07,92.45,UNDEFINED,UNDEFINED,1.85,1.71,3.16,True,False
5042,ok,100.009,12.01,13.07,92.45,UNDEFINED,UNDEFINED,1.85,1.57,2.9,True,False
5043,ok,100.09,7.95,15.6,51.78,ULKOTILA,Outdoor,1.19,1.04,1.24,True,True
5043,ok,100.09,7.95,15.6,51.78,RT,RT,2.31,1.85,4.2,True,False
5043,ok,100.09,7.95,15.6,51.78,K,Kitchen,2.22,2.72,5.63,False,False
5043,ok,100.09,7.95,15.6,51.78,OH,Living room,3.99,3.86,15.35,True,False
5043,ok,100.09,7.95,15.6,51.78,ULKOTILA,Outdoor,2.96,1.7,5.04,True,True
5043,ok,100.09,7.95,15.6,51.78,MH,Bedroom,2.7,3.95,10.63,True,False
5043,ok,100.09,7.95,15.6,51.78,ET,Entrance hall,1.71,2.99,5.11,True,False
5043,ok,100.09,7.95,15.6,51.78,VAR,Storage,1.93,2.15,4.15,True,False
5043,ok,100.09,7.95,15.6,51.78,KPH,Bathroom,1.67,1.69,2.83,True,False
5043,ok,100.09,7.95,15.6,51.78,UNDEFINED,UNDEFINED,1.67,1.44,2.41,True,False
5043,ok,100.09,7.95,15.6,51.78,TK,Utility,1.71,0.86,1.48,True,False
5060,ok,99.957,11.89,10.55,65.62,PARVEKE,Balcony,2.59,2.81,7.27,True,True
5060,ok,99.957,11.89,10.55,65.62,K,Kitchen,2.68,4.65,12.35,True,False
5060,ok,99.957,11.89,10.55,65.62,OH,Living room,4.53,4.65,17.44,False,False
5060,ok,99.957,11.89,10.55,65.62,ET,Entrance hall,3.03,3.26,7.13,False,False
5060,ok,99.957,11.89,10.55,65.62,MH,Bedroom,4.23,2.97,11.89,False,False
5060,ok,99.957,11.89,10.55,65.62,MH,Bedroom,2.93,3.23,9.21,False,False
5060,ok,99.957,11.89,10.55,65.62,PH,PH,2.88,1.85,5.32,True,False
5060,ok,99.957,11.89,10.55,65.62,UNDEFINED,UNDEFINED,1.34,1.71,2.29,True,False
5069,ok,99.998,13.36,9.29,71.4,VH,Walk-in closet,1.85,1.35,2.5,True,False
5069,ok,99.998,13.36,9.29,71.4,WC,Toilet,1.48,1.35,1.69,False,False
5069,ok,99.998,13.36,9.29,71.4,K,Kitchen,3.45,4.07,13.61,False,False
5069,ok,99.998,13.36,9.29,71.4,KPH,Bathroom,2.95,2.88,5.36,False,False
5069,ok,99.998,13.36,9.29,71.4,Undefined,Undefined,1.73,1.61,2.57,False,False
5069,ok,99.998,13.36,9.29,71.4,PARVEKE,Balcony,2.51,4.09,10.25,True,True
5069,ok,99.998,13.36,9.29,71.4,MH,Bedroom,3.45,3.36,11.57,True,False
5069,ok,99.998,13.36,9.29,71.4,OH,Living room,5.2,4.08,21.2,False,False
5069,ok,99.998,13.36,9.29,71.4,ET,Entrance hall,2.14,6.02,12.9,True,False
5073,ok,100.084,11.09,10.15,73.73,UNDEFINED,UNDEFINED,2.3,1.2,2.75,True,False
5073,ok,100.084,11.09,10.15,73.73,ET,Entrance hall,2.29,1.96,4.48,True,False
5073,ok,100.084,11.09,10.15,73.73,OH,Living room,4.32,4.02,17.34,True,False
5073,ok,100.084,11.09,10.15,73.73,MH,Bedroom,5.8,4.02,23.18,True,False
5073,ok,100.084,11.09,10.15,73.73,K,Kitchen,4.31,3.59,15.06,False,False
5073,ok,100.084,11.09,10.15,73.73,KUISTI,KUISTI,5.06,1.82,9.47,False,True
5073,ok,100.084,11.09,10.15,73.73,MH,Bedroom,3.35,3.28,10.92,True,False
5078,ok,100.136,10.03,14.09,92.35,ULKOTILA,Outdoor,1.38,3.4,4.69,True,True
5078,ok,100.136,10.03,14.09,92.35,UNDEFINED,UNDEFINED,0.9,1.83,1.13,False,False
5078,ok,100.136,10.03,14.09,92.35,UNDEFINED,UNDEFINED,1.17,1.83,2.15,True,False
5078,ok,100.136,10.03,14.09,92.35,UNDEFINED,UNDEFINED,3.7,3.41,12.66,True,False
5078,ok,100.136,10.03,14.09,92.35,H,H,3.83,3.41,13.01,True,False
5078,ok,100.136,10.03,14.09,92.35,K,Kitchen,2.17,2.99,6.02,False,False
5078,ok,100.136,10.03,14.09,92.35,ET,Entrance hall,1.81,6.66,11.5,False,False
5078,ok,100.136,10.03,14.09,92.35,H,H,5.16,2.79,13.36,False,False
5078,ok,100.136,10.03,14.09,92.35,H,H,4.64,3.46,15.42,False,False
5078,ok,100.136,10.03,14.09,92.35,H,H,5.06,2.75,13.89,True,False
5078,ok,100.136,10.03,14.09,92.35,KPH,Bathroom,2.07,1.55,3.21,True,False
5080,ok,99.995,11.93,7.93,60.77,OH,Living room,4.3,5.12,22.01,True,False
5080,ok,99.995,11.93,7.93,60.77,ET,Entrance hall,3.89,1.83,5.82,False,False
5080,ok,99.995,11.93,7.93,60.77,ULKOTILA,Outdoor,1.29,5.19,6.68,True,True
5080,ok,99.995,11.93,7.93,60.77,MH,Bedroom,2.86,3.83,10.95,True,False
5080,ok,99.995,11.93,7.93,60.77,K,Kitchen,4.29,1.95,8.37,True,False
5080,ok,99.995,11.93,7.93,60.77,MH,Bedroom,2.46,3.83,9.43,True,False
5080,ok,99.995,11.93,7.93,60.77,KPH,Bathroom,1.49,1.95,2.9,True,False
5080,ok,99.995,11.93,7.93,60.77,UNDEFINED,UNDEFINED,0.92,1.4,1.3,True,False
5084,estimated,100.0,9.29,12.35,83.97,UNDEFINED,UNDEFINED,3.71,10.29,27.84,False,False
5084,estimated,100.0,9.29,12.35,83.97,UNDEFINED,UNDEFINED,4.08,3.61,13.75,False,False
5084,estimated,100.0,9.29,12.35,83.97,UNDEFINED,UNDEFINED,4.08,3.05,10.94,False,False
5084,estimated,100.0,9.29,12.35,83.97,UNDEFINED,UNDEFINED,4.08,2.81,10.22,False,False
5084,estimated,100.0,9.29,12.35,83.97,UNDEFINED,UNDEFINED,4.08,2.73,9.16,False,False
5084,estimated,100.0,9.29,12.35,83.97,UNDEFINED,UNDEFINED,3.69,0.94,3.48,True,False
5084,estimated,100.0,9.29,12.35,83.97,UNDEFINED,UNDEFINED,2.12,2.26,4.37,False,False
5084,estimated,100.0,9.29,12.35,83.97,UNDEFINED,UNDEFINED,2.12,1.05,2.22,True,False
5084,estimated,100.0,9.29,12.35,83.97,UNDEFINED,UNDEFINED,1.93,1.03,1.98,True,False
5093,ok,100.027,23.6,12.18,187.93,ULKOTILA,Outdoor,1.3,0.73,0.94,True,True
5093,ok,100.027,23.6,12.18,187.93,ULKOTILA,Outdoor,2.46,1.28,3.15,True,True
5093,ok,100.027,23.6,12.18,187.93,UNDEFINED,UNDEFINED,4.54,7.98,36.25,True,False
5093,ok,100.027,23.6,12.18,187.93,H,H,7.04,3.94,27.73,True,False
5093,ok,100.027,23.6,12.18,187.93,KÄYTÄVÄ,KÄYTÄVÄ,7.04,1.57,11.04,True,False
5093,ok,100.027,23.6,12.18,187.93,KEITTIÖ,KEITTIÖ,5.19,3.85,17.73,False,False
5093,ok,100.027,23.6,12.18,187.93,H,H,5.19,3.82,19.86,True,False
5093,ok,100.027,23.6,12.18,187.93,H,H,5.08,3.91,19.84,True,False
5093,ok,100.027,23.6,12.18,187.93,H,H,5.08,3.83,19.43,True,False
5093,ok,100.027,23.6,12.18,187.93,ET,Entrance hall,3.31,4.21,10.95,False,False
5093,ok,100.027,23.6,12.18,187.93,UNDEFINED,UNDEFINED,2.44,3.12,7.71,False,False
5093,ok,100.027,23.6,12.18,187.93,UNDEFINED,UNDEFINED,2.59,2.26,4.03,False,False
5093,ok,100.027,23.6,12.18,187.93,WC,Toilet,2.59,2.05,5.33,True,False
5093,ok,100.027,23.6,12.18,187.93,TK,Utility,1.65,1.12,1.86,True,False
5093,ok,100.027,23.6,12.18,187.93,UNDEFINED,UNDEFINED,1.45,0.97,1.4,True,False
5093,ok,100.027,23.6,12.18,187.93,WC,Toilet,1.29,0.93,1.21,True,False
5093,ok,100.027,23.6,12.18,187.93,WC,Toilet,1.22,0.93,1.14,True,False
5093,ok,100.027,23.6,12.18,187.93,UNDEFINED,UNDEFINED,0.82,1.25,1.03,True,False
5093,ok,100.027,23.6,12.18,187.93,TK,Utility,0.98,0.54,0.53,True,False
5093,ok,100.027,23.6,12.18,187.93,UNDEFINED,UNDEFINED,0.84,0.54,0.45,True,False
5093,ok,100.027,23.6,12.18,187.93,UNDEFINED,UNDEFINED,0.79,0.54,0.42,True,False
5094,ok,99.999,11.03,10.32,74.29,VH,Walk-in closet,1.3,1.84,2.39,True,False
5094,ok,99.999,11.03,10.32,74.29,UNDEFINED,UNDEFINED,1.53,2.04,3.12,True,False
5094,ok,99.999,11.03,10.32,74.29,KPH,Bathroom,1.53,2.37,3.63,True,False
5094,ok,99.999,11.03,10.32,74.29,MH,Bedroom,5.11,3.33,17.01,True,False
5094,ok,99.999,11.03,10.32,74.29,K,Kitchen,3.37,6.39,21.56,True,False
5094,ok,99.999,11.03,10.32,74.29,OH,Living room,5.33,5.57,26.59,False,False
5105,ok,100.072,12.44,12.57,81.05,ULKOTILA,Outdoor,0.85,1.14,0.97,True,True
5105,ok,100.072,12.44,12.57,81.05,UNDEFINED,UNDEFINED,2.1,2.14,4.49,True,False
5105,ok,100.072,12.44,12.57,81.05,UNDEFINED,UNDEFINED,2.12,2.1,4.25,False,False
5105,ok,100.072,12.44,12.57,81.05,UNDEFINED,UNDEFINED,3.17,3.73,9.96,False,False
5105,ok,100.072,12.44,12.57,81.05,UNDEFINED,UNDEFINED,0.04,2.14,0.08,False,False
5105,ok,100.072,12.44,12.57,81.05,UNDEFINED,UNDEFINED,5.28,3.37,17.76,True,False
5105,ok,100.072,12.44,12.57,81.05,UNDEFINED,UNDEFINED,0.14,1.2,0.17,True,False
5105,ok,100.072,12.44,12.57,81.05,UNDEFINED,UNDEFINED,1.98,2.52,4.99,True,False
5105,ok,100.072,12.44,12.57,81.05,UNDEFINED,UNDEFINED,1.4,0.86,1.21,True,False
5105,ok,100.072,12.44,12.57,81.05,UNDEFINED,UNDEFINED,0.85,0.86,0.73,True,False
5105,ok,100.072,12.44,12.57,81.05,ULKOTILA,Outdoor,3.12,1.76,5.5,True,True
5105,ok,100.072,12.44,12.57,81.05,UNDEFINED,UNDEFINED,2.17,4.29,9.3,True,False
5105,ok,100.072,12.44,12.57,81.05,UNDEFINED,UNDEFINED,2.99,3.36,10.02,True,False
5105,ok,100.072,12.44,12.57,81.05,UNDEFINED,UNDEFINED,2.99,2.12,6.34,True,False
5105,ok,100.072,12.44,12.57,81.05,UNDEFINED,UNDEFINED,2.99,1.87,5.57,True,False
5105,ok,100.072,12.44,12.57,81.05,UNDEFINED,UNDEFINED,2.17,1.48,3.1,False,False
5105,ok,100.072,12.44,12.57,81.05,UNDEFINED,UNDEFINED,2.05,1.5,3.08,True,False
5110,ok,99.982,21.66,18.43,172.07,WC,Toilet,1.2,1.61,1.93,True,False
5110,ok,99.982,21.66,18.43,172.07,KATT.H,KATT.H,2.15,1.51,3.24,True,False
5110,ok,99.982,21.66,18.43,172.07,VH,Walk-in closet,2.46,1.29,3.18,True,False
5110,ok,99.982,21.66,18.43,172.07,UNDEFINED,UNDEFINED,2.42,1.91,4.63,True,False
5110,ok,99.982,21.66,18.43,172.07,PESUH,PESUH,2.42,2.15,5.2,True,False
5110,ok,99.982,21.66,18.43,172.07,TK,Utility,3.57,1.41,5.05,True,False
5110,ok,99.982,21.66,18.43,172.07,KHH,KHH,3.29,3.53,9.38,False,False
5110,ok,99.982,21.66,18.43,172.07,MH,Bedroom,4.24,3.17,13.44,True,False
5110,ok,99.982,21.66,18.43,172.07,VARASTO,VARASTO,5.86,1.66,9.71,True,False
5110,ok,99.982,21.66,18.43,172.07,VAR,Storage,5.86,3.3,19.35,True,False
5110,ok,99.982,21.66,18.43,172.07,UNDEFINED,UNDEFINED,0.15,0.61,0.09,True,False
5110,ok,99.982,21.66,18.43,172.07,MH,Bedroom,4.19,3.32,13.0,False,False
5110,ok,99.982,21.66,18.43,172.07,MH,Bedroom,4.29,3.32,12.93,False,False
5110,ok,99.982,21.66,18.43,172.07,ET,Entrance hall,5.35,3.05,10.82,False,False
5110,ok,99.982,21.66,18.43,172.07,OH,Living room,7.4,4.94,36.77,True,False
5110,ok,99.982,21.66,18.43,172.07,KEITTIÖ,KEITTIÖ,7.42,3.15,23.35,True,False
5110,ok,99.982,21.66,18.43,172.07,ULKOTILA,Outdoor,1.95,1.62,3.16,True,True
5129,ok,100.11,15.65,13.04,68.13,ET,Entrance hall,5.15,5.61,9.07,False,False
5129,ok,100.11,15.65,13.04,68.13,UNDEFINED,UNDEFINED,1.31,2.18,2.84,True,False
5129,ok,100.11,15.65,13.04,68.13,KH,Utility room,2.24,2.18,4.6,False,False
5129,ok,100.11,15.65,13.04,68.13,MH,Bedroom,2.81,3.56,10.01,True,False
5129,ok,100.11,15.65,13.04,68.13,MH,Bedroom,3.57,3.21,11.06,False,False
5129,ok,100.11,15.65,13.04,68.13,KEITTIÖ,KEITTIÖ,3.66,3.15,11.51,True,False
5129,ok,100.11,15.65,13.04,68.13,OH,Living room,8.79,3.51,19.04,False,False
5129,ok,100.11,15.65,13.04,68.13,PARVEKE,Balcony,2.96,2.55,7.54,True,True
5129,ok,100.11,15.65,13.04,68.13,PARVEKE,Balcony,1.79,5.01,8.97,True,True
5133,estimated,100.0,9.43,5.36,28.13,TUPAK,TUPAK,4.95,3.25,17.66,False,False
5133,estimated,100.0,9.43,5.36,28.13,ET,Entrance hall,3.0,2.37,5.98,False,False
5133,estimated,100.0,9.43,5.36,28.13,WC,Toilet,2.89,1.92,4.49,False,False
5140,ok,100.0,7.01,7.4,38.22,K,Kitchen,2.3,4.06,8.74,False,False
5140,ok,100.0,7.01,7.4,38.22,UNDEFINED,UNDEFINED,1.57,2.24,3.52,True,False
5140,ok,100.0,7.01,7.4,38.22,H,H,3.69,6.96,21.96,False,False
5140,ok,100.0,7.01,7.4,38.22,KPH,Bathroom,1.18,2.24,2.6,True,False
5140,ok,100.0,7.01,7.4,38.22,UNDEFINED,UNDEFINED,1.3,0.64,0.83,True,False
5140,ok,100.0,7.01,7.4,38.22,UNDEFINED,UNDEFINED,0.48,1.18,0.57,True,False
5140,ok,100.0,7.01,7.4,38.22,ULKOTILA,Outdoor,2.22,1.31,2.91,True,True
5155,ok,100.174,13.96,6.55,60.96,TERASSI,TERASSI,2.01,3.57,7.16,True,True
5155,ok,100.174,13.96,6.55,60.96,ET,Entrance hall,1.95,2.94,5.52,False,False
5155,ok,100.174,13.96,6.55,60.96,OH,Living room,5.58,3.45,19.67,False,False
5155,ok,100.174,13.96,6.55,60.96,K,Kitchen,3.4,2.32,7.36,False,False
5155,ok,100.174,13.96,6.55,60.96,RT,RT,2.19,2.32,5.05,True,False
5155,ok,100.174,13.96,6.55,60.96,ULKOTILA,Outdoor,1.88,0.92,1.72,True,True
5155,ok,100.174,13.96,6.55,60.96,UNDEFINED,UNDEFINED,2.54,0.12,0.39,False,False
5155,ok,100.174,13.96,6.55,60.96,MH,Bedroom,4.32,2.96,12.76,True,False
5155,ok,100.174,13.96,6.55,60.96,PSH,Shower room,2.66,1.74,4.63,True,False
5155,ok,100.174,13.96,6.55,60.96,UNDEFINED,UNDEFINED,1.52,1.74,2.64,True,False
5155,ok,100.174,13.96,6.55,60.96,UNDEFINED,UNDEFINED,1.81,0.95,1.72,True,False
5155,ok,100.174,13.96,6.55,60.96,TK,Utility,1.81,0.67,1.22,True,False
5509,ok,99.958,21.87,20.06,151.8,TERASSI,TERASSI,6.96,9.11,25.62,False,True
5509,ok,99.958,21.87,20.06,151.8,ULKOTILA,Outdoor,0.63,1.93,1.21,True,True
5509,ok,99.958,21.87,20.06,151.8,OH,Living room,7.43,8.63,30.96,False,False
5509,ok,99.958,21.87,20.06,151.8,K+RUOK,K+RUOK,3.61,3.83,12.42,False,False
5509,ok,99.958,21.87,20.06,151.8,ET,Entrance hall,3.78,2.35,6.79,False,False
5509,ok,99.958,21.87,20.06,151.8,KHH,KHH,2.48,4.06,8.96,False,False
5509,ok,99.958,21.87,20.06,151.8,VIERASHUONE,VIERASHUONE,2.75,3.06,8.43,True,False
5509,ok,99.958,21.87,20.06,151.8,KUISTI,KUISTI,1.92,3.5,6.74,True,True
5509,ok,99.958,21.87,20.06,151.8,TEKN,TEKN,3.35,1.93,6.47,True,False
5509,ok,99.958,21.87,20.06,151.8,UNDEFINED,UNDEFINED,2.61,1.54,3.77,False,False
5509,ok,99.958,21.87,20.06,151.8,PH,PH,1.89,1.72,3.26,True,False
5509,ok,99.958,21.87,20.06,151.8,WC,Toilet,1.84,1.26,2.11,False,False
5509,ok,99.958,21.87,20.06,151.8,PARVEKE,Balcony,3.4,1.84,6.26,True,True
5509,ok,99.958,21.87,20.06,151.8,PARVEKE,Balcony,1.9,3.73,7.08,True,True
5509,ok,99.958,21.87,20.06,151.8,AULA,AULA,7.45,3.44,19.93,False,False
5509,ok,99.958,21.87,20.06,151.8,MH,Bedroom,5.29,2.99,15.81,True,False
5509,ok,99.958,21.87,20.06,151.8,MH,Bedroom,3.7,2.99,11.07,True,False
5509,ok,99.958,21.87,20.06,151.8,MH,Bedroom,3.63,2.99,10.86,True,False
5509,ok,99.958,21.87,20.06,151.8,KPH,Bathroom,3.37,1.47,4.96,True,False
5509,ok,99.958,21.87,20.06,151.8,VH,Walk-in closet,2.01,2.99,6.0,True,False
5514,ok,100.091,18.11,14.43,76.64,ULKOTILA,Outdoor,1.73,3.23,5.59,True,True
5514,ok,100.091,18.11,14.43,76.64,UNDEFINED,UNDEFINED,4.99,3.34,11.88,False,False
5514,ok,100.091,18.11,14.43,76.64,OH,Living room,6.87,3.36,19.19,False,False
5514,ok,100.091,18.11,14.43,76.64,KEITTIÖ,KEITTIÖ,4.9,3.33,9.44,False,False
5514,ok,100.091,18.11,14.43,76.64,MH,Bedroom,4.75,3.38,16.01,True,False
5514,ok,100.091,18.11,14.43,76.64,MH,Bedroom,4.0,3.37,13.47,True,False
5514,ok,100.091,18.11,14.43,76.64,VH,Walk-in closet,1.69,2.12,3.43,False,False
5514,ok,100.091,18.11,14.43,76.64,UNDEFINED,UNDEFINED,1.5,2.14,3.21,True,False
5519,ok,100.014,14.11,10.53,80.56,ULKOTILA,Outdoor,4.02,1.36,5.46,True,True
5519,ok,100.014,14.11,10.53,80.56,K,Kitchen,2.4,3.86,9.27,True,False
5519,ok,100.014,14.11,10.53,80.56,OH,Living room,3.12,3.86,12.06,True,False
5519,ok,100.014,14.11,10.53,80.56,ET,Entrance hall,5.53,3.42,9.9,False,False
5519,ok,100.014,14.11,10.53,80.56,WC,Toilet,2.22,1.89,4.19,True,False
5519,ok,100.014,14.11,10.53,80.56,VH,Walk-in closet,1.89,1.24,2.34,True,False
5519,ok,100.014,14.11,10.53,80.56,TK,Utility,1.14,0.89,1.01,True,False
5519,ok,100.014,14.11,10.53,80.56,MH,Bedroom,3.61,3.42,12.34,True,False
5519,ok,100.014,14.11,10.53,80.56,AULA,AULA,3.03,3.68,7.92,False,False
5519,ok,100.014,14.11,10.53,80.56,MH,Bedroom,2.25,3.68,8.27,True,False
5519,ok,100.014,14.11,10.53,80.56,UNDEFINED,UNDEFINED,3.86,1.22,4.7,True,False
5519,ok,100.014,14.11,10.53,80.56,KPH,Bathroom,1.7,3.62,6.14,True,False
5519,ok,100.014,14.11,10.53,80.56,UNDEFINED,UNDEFINED,1.64,1.48,2.42,True,False
5540,ok,100.024,10.35,6.83,49.86,KEITTIÖ,KEITTIÖ,3.19,2.78,8.57,False,False
5540,ok,100.024,10.35,6.83,49.86,ULKOTILA,Outdoor,1.56,3.54,5.52,True,True
5540,ok,100.024,10.35,6.83,49.86,UNDEFINED,UNDEFINED,5.74,2.14,10.01,False,False
5540,ok,100.024,10.35,6.83,49.86,OH,Living room,5.24,3.54,18.52,True,False
5540,ok,100.024,10.35,6.83,49.86,MH,Bedroom,2.84,3.46,9.82,True,False
5540,ok,100.024,10.35,6.83,49.86,UNDEFINED,UNDEFINED,1.57,1.86,2.92,True,False
5569,estimated,100.0,15.58,12.51,93.95,OH,Living room,3.22,6.13,19.76,True,False
5569,estimated,100.0,15.58,12.51,93.95,ET,Entrance hall,6.85,2.07,13.79,False,False
5569,estimated,100.0,15.58,12.51,93.95,WC,Toilet,1.48,2.07,3.07,True,False
5569,estimated,100.0,15.58,12.51,93.95,PARVEKE,Balcony,2.85,2.55,7.15,True,True
5569,estimated,100.0,15.58,12.51,93.95,WC,Toilet,1.18,1.32,1.55,True,False
5569,estimated,100.0,15.58,12.51,93.95,K,Kitchen,2.55,5.99,15.11,True,False
5569,estimated,100.0,15.58,12.51,93.95,MH,Bedroom,4.09,3.22,12.45,False,False
5569,estimated,100.0,15.58,12.51,93.95,MH,Bedroom,3.06,3.6,11.02,True,False
5569,estimated,100.0,15.58,12.51,93.95,MH,Bedroom,2.42,3.9,9.43,True,False
5569,estimated,100.0,15.58,12.51,93.95,KPH,Bathroom,1.53,2.01,3.08,True,False
5569,estimated,100.0,15.58,12.51,93.95,UNDEFINED,UNDEFINED,1.38,1.64,2.25,True,False
5569,estimated,100.0,15.58,12.51,93.95,UNDEFINED,UNDEFINED,1.18,1.39,1.64,True,False
5569,estimated,100.0,15.58,12.51,93.95,UNDEFINED,UNDEFINED,1.38,0.24,0.33,True,False
5569,estimated,100.0,15.58,12.51,93.95,UNDEFINED,UNDEFINED,1.18,0.23,0.27,True,False
5569,estimated,100.0,15.58,12.51,93.95,UNDEFINED,UNDEFINED,0.29,0.5,0.15,True,False
5569,estimated,100.0,15.58,12.51,93.95,UNDEFINED,UNDEFINED,0.47,0.12,0.06,True,False
5581,ok,100.002,22.11,23.27,238.97,SH,SH,0.93,1.42,1.32,True,False
5581,ok,100.002,22.11,23.27,238.97,WC,Toilet,1.41,2.01,2.64,False,False
5581,ok,100.002,22.11,23.27,238.97,OH,Living room,4.95,5.12,24.64,False,False
5581,ok,100.002,22.11,23.27,238.97,K,Kitchen,4.85,4.28,20.75,True,False
5581,ok,100.002,22.11,23.27,238.97,AULA,AULA,5.93,6.91,19.7,False,False
5581,ok,100.002,22.11,23.27,238.97,AULA,AULA,1.45,11.41,16.52,True,False
5581,ok,100.002,22.11,23.27,238.97,AULA,AULA,7.6,1.44,10.95,True,False
5581,ok,100.002,22.11,23.27,238.97,KHH,KHH,2.69,4.25,9.38,False,False
5581,ok,100.002,22.11,23.27,238.97,MH,Bedroom,3.5,3.31,11.58,True,False
5581,ok,100.002,22.11,23.27,238.97,MH,Bedroom,3.78,2.98,11.28,True,False
5581,ok,100.002,22.11,23.27,238.97,MH,Bedroom,3.76,2.97,11.17,True,False
5581,ok,100.002,22.11,23.27,238.97,MH,Bedroom,2.96,3.77,11.16,True,False
5581,ok,100.002,22.11,23.27,238.97,MH,Bedroom,3.75,2.97,11.16,True,False
5581,ok,100.002,22.11,23.27,238.97,MH,Bedroom,2.96,3.74,11.08,True,False
5581,ok,100.002,22.11,23.27,238.97,MH,Bedroom,3.72,2.98,11.1,True,False
5581,ok,100.002,22.11,23.27,238.97,MH,Bedroom,2.96,3.7,10.94,True,False
5581,ok,100.002,22.11,23.27,238.97,MH,Bedroom,3.5,3.14,10.98,True,False
5581,ok,100.002,22.11,23.27,238.97,TK,Utility,2.14,2.38,5.09,True,False
5581,ok,100.002,22.11,23.27,238.97,PH,PH,1.87,2.46,4.61,True,False
5581,ok,100.002,22.11,23.27,238.97,UNDEFINED,UNDEFINED,1.87,2.2,4.12,True,False
5581,ok,100.002,22.11,23.27,238.97,TEKN,TEKN,2.29,1.47,3.35,True,False
5581,ok,100.002,22.11,23.27,238.97,PKH,PKH,1.52,1.89,2.88,True,False
5581,ok,100.002,22.11,23.27,238.97,WC,Toilet,1.33,1.97,2.63,True,False
5581,ok,100.002,22.11,23.27,238.97,WC,Toilet,1.52,1.59,2.41,True,False
5581,ok,100.002,22.11,23.27,238.97,SH,SH,1.03,1.73,1.78,True,False
5581,ok,100.002,22.11,23.27,238.97,WC,Toilet,1.25,1.42,1.77,True,False
5581,ok,100.002,22.11,23.27,238.97,WC,Toilet,1.52,1.07,1.62,True,False
5581,ok,100.002,22.11,23.27,238.97,UNDEFINED,UNDEFINED,1.33,0.91,1.21,True,False
5581,ok,100.002,22.11,23.27,238.97,UNDEFINED,UNDEFINED,1.31,0.87,1.14,True,False
5581,ok,100.002,22.11,23.27,238.97,ULKOTILA,Outdoor,1.69,1.45,2.44,True,True
5581,ok,100.002,22.11,23.27,238.97,TERASSI,TERASSI,9.1,1.8,16.39,True,True
5581,ok,100.002,22.11,23.27,238.97,ULKOTILA,Outdoor,0.88,1.6,1.4,True,True
5581,ok,100.002,22.11,23.27,238.97,KUISTI,KUISTI,3.68,1.96,7.21,True,True
5586,ok,99.903,9.48,7.53,43.33,OH,Living room,4.21,3.2,13.5,True,False
5586,ok,99.903,9.48,7.53,43.33,K,Kitchen,2.13,4.46,9.44,False,False
5586,ok,99.903,9.48,7.53,43.33,MH,Bedroom,4.21,2.19,9.38,False,False
5586,ok,99.903,9.48,7.53,43.33,ET,Entrance hall,1.47,4.18,6.14,True,False
5586,ok,99.903,9.48,7.53,43.33,UNDEFINED,UNDEFINED,1.47,1.67,2.45,False,False
5586,ok,99.903,9.48,7.53,43.33,VH,Walk-in closet,1.32,1.83,2.42,True,False
5587,ok,100.115,8.83,14.54,74.13,ULKOTILA,Outdoor,7.71,1.79,13.8,True,True
5587,ok,100.115,8.83,14.54,74.13,ULKOTILA,Outdoor,1.39,1.43,1.98,True,True
5587,ok,100.115,8.83,14.54,74.13,K,Kitchen,2.34,4.61,10.47,False,False
5587,ok,100.115,8.83,14.54,74.13,ET,Entrance hall,3.21,3.67,8.43,False,False
5587,ok,100.115,8.83,14.54,74.13,OH,Living room,3.59,4.65,16.79,False,False
5587,ok,100.115,8.83,14.54,74.13,MH,Bedroom,2.57,4.83,12.39,True,False
5587,ok,100.115,8.83,14.54,74.13,MH,Bedroom,3.26,3.88,11.53,False,False
5587,ok,100.115,8.83,14.54,74.13,KH,Utility room,1.69,3.57,6.02,True,False
5587,ok,100.115,8.83,14.54,74.13,VAR,Storage,1.54,2.33,3.59,True,False
5587,ok,100.115,8.83,14.54,74.13,UNDEFINED,UNDEFINED,1.7,1.86,3.16,True,False
5587,ok,100.115,8.83,14.54,74.13,TK,Utility,1.64,1.06,1.74,True,False
5588,ok,100.032,9.24,9.87,45.63,KPH,Bathroom,1.47,1.67,2.3,False,False
5588,ok,100.032,9.24,9.87,45.63,PARVEKE,Balcony,1.27,2.43,3.08,True,True
5588,ok,100.032,9.24,9.87,45.63,OH,Living room,3.66,4.79,17.53,True,False
5588,ok,100.032,9.24,9.87,45.63,K,Kitchen,2.32,4.4,9.78,False,False
5588,ok,100.032,9.24,9.87,45.63,MH,Bedroom,3.66,2.87,10.45,True,False
5588,ok,100.032,9.24,9.87,45.63,ET,Entrance hall,1.97,3.26,5.57,False,False
5594,ok,99.992,15.36,8.56,96.89,PARVEKE,Balcony,1.81,3.88,7.01,True,True
5594,ok,99.992,15.36,8.56,96.89,VH,Walk-in closet,1.71,1.96,3.36,True,False
5594,ok,99.992,15.36,8.56,96.89,ET,Entrance hall,5.77,3.13,13.52,False,False
5594,ok,99.992,15.36,8.56,96.89,OH,Living room,6.53,3.88,25.34,True,False
5594,ok,99.992,15.36,8.56,96.89,H,H,4.64,3.9,18.1,True,False
5594,ok,99.992,15.36,8.56,96.89,H,H,4.07,3.9,15.88,True,False
5594,ok,99.992,15.36,8.56,96.89,K,Kitchen,4.07,3.88,15.81,True,False
5594,ok,99.992,15.36,8.56,96.89,PSH,Shower room,1.93,2.54,4.89,True,False
5606,ok,100.023,18.74,10.31,113.11,UNDEFINED,UNDEFINED,1.46,0.82,1.2,True,False
5606,ok,100.023,18.74,10.31,113.11,VH,Walk-in closet,1.34,2.04,2.73,True,False
5606,ok,100.023,18.74,10.31,113.11,UNDEFINED,UNDEFINED,1.36,2.04,2.77,True,False
5606,ok,100.023,18.74,10.31,113.11,UNDEFINED,UNDEFINED,1.73,1.5,2.22,False,False
5606,ok,100.023,18.74,10.31,113.11,UNDEFINED,UNDEFINED,2.04,2.25,4.58,True,False
5606,ok,100.023,18.74,10.31,113.11,MH,Bedroom,4.19,3.1,12.83,True,False
5606,ok,100.023,18.74,10.31,113.11,UNDEFINED,UNDEFINED,2.29,0.11,0.33,False,False
5606,ok,100.023,18.74,10.31,113.11,MH,Bedroom,3.73,3.22,12.26,False,False
5606,ok,100.023,18.74,10.31,113.11,MH,Bedroom,4.19,3.04,12.71,True,False
5606,ok,100.023,18.74,10.31,113.11,PARVEKE,Balcony,1.53,3.23,4.94,True,True
5606,ok,100.023,18.74,10.31,113.11,TERASSI,TERASSI,2.62,6.34,16.6,True,True
5606,ok,100.023,18.74,10.31,113.11,K,Kitchen,4.23,3.11,11.98,False,False
5606,ok,100.023,18.74,10.31,113.11,ET,Entrance hall,4.62,5.73,13.48,False,False
5606,ok,100.023,18.74,10.31,113.11,RT,RT,2.54,6.41,16.23,True,False
5606,ok,100.023,18.74,10.31,113.11,OH,Living room,3.16,8.77,19.77,False,False
5607,estimated,100.0,10.37,14.28,114.18,TEKN,TEKN,5.42,3.09,11.45,False,False
5607,estimated,100.0,10.37,14.28,114.18,AT,AT,4.41,3.09,13.64,True,False
5607,estimated,100.0,10.37,14.28,114.18,UNDEFINED,UNDEFINED,2.65,2.92,5.09,False,False
5607,estimated,100.0,10.37,14.28,114.18,KPH,Bathroom,2.57,2.92,7.49,True,False
5607,estimated,100.0,10.37,14.28,114.18,ÖLJY,ÖLJY,2.59,1.74,4.51,True,False
5607,estimated,100.0,10.37,14.28,114.18,UNDEFINED,UNDEFINED,2.76,1.37,3.77,True,False
5607,estimated,100.0,10.37,14.28,114.18,VARASTO,VARASTO,2.59,1.37,3.55,True,False
5607,estimated,100.0,10.37,14.28,114.18,VARASTO,VARASTO,2.59,1.37,3.54,True,False
5607,estimated,100.0,10.37,14.28,114.18,UNDEFINED,UNDEFINED,1.66,1.37,2.28,True,False
5607,estimated,100.0,10.37,14.28,114.18,VAR,Storage,0.92,0.69,0.64,True,False
5607,estimated,100.0,10.37,14.28,114.18,ET,Entrance hall,4.01,2.61,6.36,False,False
5607,estimated,100.0,10.37,14.28,114.18,OH,Living room,4.24,3.66,14.89,False,False
5607,estimated,100.0,10.37,14.28,114.18,MH,Bedroom,2.87,1.73,4.88,True,False
5607,estimated,100.0,10.37,14.28,114.18,MH,Bedroom,2.87,3.32,9.24,False,False
5607,estimated,100.0,10.37,14.28,114.18,RUOK,Dining,2.83,2.92,8.03,False,False
5607,estimated,100.0,10.37,14.28,114.18,KEITTIÖ,KEITTIÖ,2.9,3.18,9.21,True,False
5607,estimated,100.0,10.37,14.28,114.18,VH,Walk-in closet,2.71,0.89,2.42,True,False
5607,estimated,100.0,10.37,14.28,114.18,UNDEFINED,UNDEFINED,1.21,1.53,1.86,True,False
5607,estimated,100.0,10.37,14.28,114.18,UNDEFINED,UNDEFINED,1.4,0.95,1.33,True,False
5615,ok,100.081,8.25,7.8,50.8,ULKOTILA,Outdoor,1.07,6.03,6.43,True,True
5615,ok,100.081,8.25,7.8,50.8,ULKOTILA,Outdoor,2.56,1.78,4.56,True,True
5615,ok,100.081,8.25,7.8,50.8,UNDEFINED,UNDEFINED,8.01,6.21,44.48,False,False
5615,ok,100.081,8.25,7.8,50.8,UNDEFINED,UNDEFINED,2.76,1.86,4.74,False,False
5615,ok,100.081,8.25,7.8,50.8,UNDEFINED,UNDEFINED,0.72,1.85,1.33,True,False
5615,ok,100.081,8.25,7.8,50.8,UNDEFINED,UNDEFINED,0.69,0.35,0.24,True,False
5616,ok,99.889,11.55,6.43,61.49,WC,Toilet,2.07,1.49,3.09,True,False
5616,ok,99.889,11.55,6.43,61.49,OH,Living room,5.27,3.38,16.24,False,False
5616,ok,99.889,11.55,6.43,61.49,ET,Entrance hall,3.19,2.74,6.27,False,False
5616,ok,99.889,11.55,6.43,61.49,KEITTIÖ,KEITTIÖ,2.09,2.6,5.43,True,False
5616,ok,99.889,11.55,6.43,61.49,TERASSI,TERASSI,5.42,2.82,15.35,True,True
5616,ok,99.889,11.55,6.43,61.49,PIHA,PIHA,5.42,2.35,12.76,True,True
5616,ok,99.889,11.55,6.43,61.49,VH,Walk-in closet,2.12,1.5,3.18,True,False
5616,ok,99.889,11.55,6.43,61.49,MH,Bedroom,1.98,2.64,5.22,True,False
5616,ok,99.889,11.55,6.43,61.49,MH,Bedroom,3.12,2.64,8.25,True,False
5616,ok,99.889,11.55,6.43,61.49,HALLI,HALLI,5.24,3.34,13.81,False,False
5616,ok,99.889,11.55,6.43,61.49,PARVEKE,Balcony,5.24,1.45,7.59,True,True
5620,ok,100.032,23.14,14.94,137.94,TERASSI,TERASSI,6.67,2.07,13.82,True,True
5620,ok,100.032,23.14,14.94,137.94,ULKOTILA,Outdoor,1.12,1.63,1.81,True,True
5620,ok,100.032,23.14,14.94,137.94,ULKOTILA,Outdoor,2.14,1.25,2.68,True,True
5620,ok,100.032,23.14,14.94,137.94,MH,Bedroom,2.84,5.01,14.22,True,False
5620,ok,100.032,23.14,14.94,137.94,TK,Utility,1.34,1.49,2.0,True,False
5620,ok,100.032,23.14,14.94,137.94,UNDEFINED,UNDEFINED,1.03,2.89,2.85,False,False
5620,ok,100.032,23.14,14.94,137.94,K,Kitchen,3.42,4.27,13.71,False,False
5620,ok,100.032,23.14,14.94,137.94,OH,Living room,3.94,5.63,22.18,True,False
5620,ok,100.032,23.14,14.94,137.94,ET,Entrance hall,4.16,4.7,10.95,False,False
5620,ok,100.032,23.14,14.94,137.94,UNDEFINED,UNDEFINED,2.14,2.1,4.48,True,False
5620,ok,100.032,23.14,14.94,137.94,KHH,KHH,2.14,2.13,4.56,True,False
5620,ok,100.032,23.14,14.94,137.94,WC,Toilet,1.42,1.02,1.45,True,False
5620,ok,100.032,23.14,14.94,137.94,MH,Bedroom,3.74,3.91,14.63,True,False
5620,ok,100.032,23.14,14.94,137.94,VAR,Storage,3.26,1.9,6.21,True,False
5620,ok,100.032,23.14,14.94,137.94,PH,PH,2.14,2.14,4.59,True,False
5620,ok,100.032,23.14,14.94,137.94,ULLAKKOH,ULLAKKOH,3.96,3.89,15.38,True,False
5620,ok,100.032,23.14,14.94,137.94,VAR,Storage,5.54,3.89,16.48,False,False
5620,ok,100.032,23.14,14.94,137.94,UNDEFINED,UNDEFINED,1.05,2.21,2.32,True,False
5620,ok,100.032,23.14,14.94,137.94,WC,Toilet,1.14,1.71,1.95,True,False
5624,ok,99.908,8.91,8.92,55.73,OH,Living room,6.77,4.93,28.61,False,False
5624,ok,99.908,8.91,8.92,55.73,UNDEFINED,UNDEFINED,3.32,3.55,11.8,True,False
5624,ok,99.908,8.91,8.92,55.73,MH,Bedroom,3.31,3.55,11.76,True,False
5624,ok,99.908,8.91,8.92,55.73,KUISTI,KUISTI,1.69,3.85,6.51,True,True
5624,ok,99.908,8.91,8.92,55.73,WC,Toilet,1.69,1.3,2.19,True,False
5624,ok,99.908,8.91,8.92,55.73,VAR,Storage,1.19,1.14,1.36,True,False
5624,ok,99.908,8.91,8.92,55.73,ULKOTILA,Outdoor,1.83,1.22,2.23,True,True
5632,ok,100.065,8.63,12.83,69.27,UNDEFINED,UNDEFINED,1.37,0.96,1.31,True,False
5632,ok,100.065,8.63,12.83,69.27,UNDEFINED,UNDEFINED,1.65,1.86,3.06,True,False
5632,ok,100.065,8.63,12.83,69.27,VH,Walk-in closet,3.27,1.03,3.36,True,False
5632,ok,100.065,8.63,12.83,69.27,PH/WC,PH/WC,1.7,3.4,5.78,True,False
5632,ok,100.065,8.63,12.83,69.27,MH,Bedroom,3.84,2.55,9.78,True,False
5632,ok,100.065,8.63,12.83,69.27,MH,Bedroom,2.46,4.64,11.42,True,False
5632,ok,100.065,8.63,12.83,69.27,UNDEFINED,UNDEFINED,0.08,2.41,0.24,False,False
5632,ok,100.065,8.63,12.83,69.27,OH,Living room,6.09,8.07,25.68,False,False
5632,ok,100.065,8.63,12.83,69.27,K,Kitchen,2.57,3.39,8.65,True,False
5657,ok,100.022,12.69,6.92,58.07,RUOK,Dining,2.3,2.31,5.31,True,False
5657,ok,100.022,12.69,6.92,58.07,K,Kitchen,2.54,2.31,5.52,False,False
5657,ok,100.022,12.69,6.92,58.07,ULKOTILA,Outdoor,1.11,3.57,3.97,True,True
5657,ok,100.022,12.69,6.92,58.07,OH,Living room,4.85,3.47,16.8,True,False
5657,ok,100.022,12.69,6.92,58.07,UNDEFINED,UNDEFINED,1.58,5.71,8.25,False,False
5657,ok,100.022,12.69,6.92,58.07,MH,Bedroom,3.83,3.47,13.29,True,False
5657,ok,100.022,12.69,6.92,58.07,MH,Bedroom,3.83,2.32,8.89,True,False
5668,ok,100.144,7.64,5.75,29.17,UNDEFINED,UNDEFINED,3.83,3.49,12.96,False,False
5668,ok,100.144,7.64,5.75,29.17,UNDEFINED,UNDEFINED,2.05,2.42,4.93,True,False
5668,ok,100.144,7.64,5.75,29.17,UNDEFINED,UNDEFINED,2.05,2.71,5.54,True,False
5668,ok,100.144,7.64,5.75,29.17,UNDEFINED,UNDEFINED,1.84,1.81,3.34,True,False
5668,ok,100.144,7.64,5.75,29.17,ULKOTILA,Outdoor,1.62,2.14,3.46,True,True
5668,ok,100.144,7.64,5.75,29.17,UNDEFINED,UNDEFINED,1.79,1.52,2.39,False,False
5682,ok,100.173,10.16,12.25,95.01,PARVEKE,Balcony,1.76,4.59,8.06,True,True
5682,ok,100.173,10.16,12.25,95.01,OH,Living room,6.83,4.57,31.06,True,False
5682,ok,100.173,10.16,12.25,95.01,ET,Entrance hall,3.17,1.79,5.62,True,False
5682,ok,100.173,10.16,12.25,95.01,K,Kitchen,5.99,3.97,18.1,False,False
5682,ok,100.173,10.16,12.25,95.01,MH,Bedroom,3.65,4.05,14.89,True,False
5682,ok,100.173,10.16,12.25,95.01,KPH,Bathroom,1.99,2.68,5.17,False,False
5682,ok,100.173,10.16,12.25,95.01,MH,Bedroom,5.69,2.96,16.8,True,False
5682,ok,100.173,10.16,12.25,95.01,TK,Utility,2.25,1.5,3.37,True,False
5686,ok,99.964,13.64,12.58,69.98,UNDEFINED,UNDEFINED,1.52,1.79,2.72,True,False
5686,ok,99.964,13.64,12.58,69.98,MH,Bedroom,3.59,2.71,9.75,True,False
5686,ok,99.964,13.64,12.58,69.98,MH,Bedroom,4.19,3.12,12.38,False,False
5686,ok,99.964,13.64,12.58,69.98,OH,Living room,5.53,3.91,21.62,True,False
5686,ok,99.964,13.64,12.58,69.98,KK,KK,2.4,3.91,9.23,True,False
5686,ok,99.964,13.64,12.58,69.98,ET,Entrance hall,1.92,4.22,7.69,False,False
5686,ok,99.964,13.64,12.58,69.98,PH,PH,3.41,1.93,6.58,True,False
5686,ok,99.964,13.64,12.58,69.98,PARVEKE,Balcony,4.3,2.33,10.02,True,True
5687,ok,99.99,10.76,19.24,55.08,PIHA,PIHA,6.54,4.35,28.45,True,True
5687,ok,99.99,10.76,19.24,55.08,UNDEFINED,UNDEFINED,4.02,3.7,14.89,True,False
5687,ok,99.99,10.76,19.24,55.08,K,Kitchen,2.19,4.64,9.67,False,False
5687,ok,99.99,10.76,19.24,55.08,MH,Bedroom,2.74,3.71,10.16,True,False
5687,ok,99.99,10.76,19.24,55.08,ET,Entrance hall,1.57,4.21,6.62,True,False
5687,ok,99.99,10.76,19.24,55.08,VAR,Storage,1.84,2.57,4.73,True,False
5687,ok,99.99,10.76,19.24,55.08,PH,PH,1.48,2.28,3.36,True,False
5687,ok,99.99,10.76,19.24,55.08,UNDEFINED,UNDEFINED,1.48,1.51,2.23,True,False
5687,ok,99.99,10.76,19.24,55.08,TK,Utility,1.57,0.57,0.89,True,False
5687,ok,99.99,10.76,19.24,55.08,WC,Toilet,1.25,1.02,1.28,True,False
5687,ok,99.99,10.76,19.24,55.08,VH,Walk-in closet,1.22,1.02,1.24,True,False
5690,ok,100.026,15.28,11.3,73.1,OH,Living room,4.69,3.54,16.35,True,False
5690,ok,100.026,15.28,11.3,73.1,UNDEFINED,UNDEFINED,1.59,2.28,3.62,True,False
5690,ok,100.026,15.28,11.3,73.1,ET,Entrance hall,3.47,1.99,6.91,True,False
5690,ok,100.026,15.28,11.3,73.1,K,Kitchen,4.58,2.21,9.82,False,False
5690,ok,100.026,15.28,11.3,73.1,UNDEFINED,UNDEFINED,1.7,1.81,2.87,False,False
5690,ok,100.026,15.28,11.3,73.1,WC,Toilet,1.01,1.67,1.69,True,False
5690,ok,100.026,15.28,11.3,73.1,ULKOTILA,Outdoor,1.35,1.15,1.55,True,True
5690,ok,100.026,15.28,11.3,73.1,ULKOTILA,Outdoor,1.46,2.37,3.46,True,True
5690,ok,100.026,15.28,11.3,73.1,ULKOTILA,Outdoor,1.4,4.44,6.23,True,True
5690,ok,100.026,15.28,11.3,73.1,MH,Bedroom,4.32,2.49,10.73,True,False
5690,ok,100.026,15.28,11.3,73.1,MH,Bedroom,2.62,3.34,8.75,True,False
5690,ok,100.026,15.28,11.3,73.1,KPH,Bathroom,1.56,3.45,5.16,False,False
5690,ok,100.026,15.28,11.3,73.1,UNDEFINED,UNDEFINED,2.62,1.76,4.61,True,False
5690,ok,100.026,15.28,11.3,73.1,UNDEFINED,UNDEFINED,1.56,1.66,2.59,True,False
5692,ok,100.018,26.91,19.7,216.25,TERASSI,TERASSI,14.01,11.32,39.69,False,True
5692,ok,100.018,26.91,19.7,216.25,VIHERH,VIHERH,2.79,3.81,10.62,True,False
5692,ok,100.018,26.91,19.7,216.25,K,Kitchen,2.8,3.03,7.94,False,False
5692,ok,100.018,26.91,19.7,216.25,RUOK,Dining,2.15,3.03,6.5,True,False
5692,ok,100.018,26.91,19.7,216.25,OH,Living room,4.95,3.02,13.81,False,False
5692,ok,100.018,26.91,19.7,216.25,AULA,AULA,2.5,6.05,11.56,False,False
5692,ok,100.018,26.91,19.7,216.25,AUTOKATOS,AUTOKATOS,4.23,5.15,21.78,True,False
5692,ok,100.018,26.91,19.7,216.25,AUTOTALLI,Garage,4.25,2.87,12.18,True,False
5692,ok,100.018,26.91,19.7,216.25,MH,Bedroom,3.03,3.04,9.21,True,False
5692,ok,100.018,26.91,19.7,216.25,KHH,KHH,3.02,1.67,5.05,True,False
5692,ok,100.018,26.91,19.7,216.25,VAR,Storage,2.78,1.19,3.31,True,False
5692,ok,100.018,26.91,19.7,216.25,VH,Walk-in closet,1.82,1.14,2.06,True,False
5692,ok,100.018,26.91,19.7,216.25,KURAET,KURAET,1.29,1.58,2.03,True,False
5692,ok,100.018,26.91,19.7,216.25,WC,Toilet,1.15,1.52,1.75,True,False
5692,ok,100.018,26.91,19.7,216.25,TEKN,TEKN,1.37,1.19,1.63,True,False
5692,ok,100.018,26.91,19.7,216.25,KUIV.,KUIV.,1.1,1.14,1.25,True,False
5692,ok,100.018,26.91,19.7,216.25,PARVEKE,Balcony,6.58,1.44,9.46,True,True
5692,ok,100.018,26.91,19.7,216.25,AULA,AULA,3.02,4.24,9.38,False,False
5692,ok,100.018,26.91,19.7,216.25,OH,Living room,4.99,2.99,12.77,False,False
5692,ok,100.018,26.91,19.7,216.25,MH,Bedroom,3.1,3.23,9.72,False,False
5692,ok,100.018,26.91,19.7,216.25,MH,Bedroom,2.93,3.1,9.08,True,False
5692,ok,100.018,26.91,19.7,216.25,MH,Bedroom,3.11,2.86,8.66,False,False
5692,ok,100.018,26.91,19.7,216.25,UNDEFINED,UNDEFINED,1.9,2.42,4.61,True,False
5692,ok,100.018,26.91,19.7,216.25,PH,PH,2.19,1.85,4.06,True,False
5692,ok,100.018,26.91,19.7,216.25,UNDEFINED,UNDEFINED,1.3,1.85,2.41,True,False
5692,ok,100.018,26.91,19.7,216.25,UNDEFINED,UNDEFINED,1.9,0.58,1.1,True,False
5692,ok,100.018,26.91,19.7,216.25,WC,Toilet,1.08,1.51,1.63,True,False
5692,ok,100.018,26.91,19.7,216.25,UNDEFINED,UNDEFINED,2.44,1.4,3.41,True,False
5692,ok,100.018,26.91,19.7,216.25,PSH,Shower room,2.44,1.85,4.53,True,False
5692,ok,100.018,26.91,19.7,216.25,UNDEFINED,UNDEFINED,3.66,3.22,12.5,False,False
5692,ok,100.018,26.91,19.7,216.25,TUPA,TUPA,4.46,5.01,21.69,False,False
5692,ok,100.018,26.91,19.7,216.25,TERASSI,TERASSI,5.01,5.61,26.95,False,True
5697,ok,100.035,18.11,22.95,227.91,UNDEFINED,UNDEFINED,0.43,0.94,0.4,True,False
5697,ok,100.035,18.11,22.95,227.91,UNDEFINED,UNDEFINED,8.53,3.24,27.62,True,False
5697,ok,100.035,18.11,22.95,227.91,UIMA-ALLAS,UIMA-ALLAS,8.53,3.24,27.62,True,False
5697,ok,100.035,18.11,22.95,227.91,RUOK,Dining,2.84,2.72,7.72,True,False
5697,ok,100.035,18.11,22.95,227.91,K,Kitchen,4.73,2.72,11.53,False,False
5697,ok,100.035,18.11,22.95,227.91,ET,Entrance hall,1.51,3.69,6.33,False,False
5697,ok,100.035,18.11,22.95,227.91,UNDEFINED,UNDEFINED,2.59,3.8,9.82,True,False
5697,ok,100.035,18.11,22.95,227.91,OH,Living room,6.89,4.34,29.93,True,False
5697,ok,100.035,18.11,22.95,227.91,H,H,3.91,2.81,9.76,False,False
5697,ok,100.035,18.11,22.95,227.91,H,H,3.91,3.79,13.35,False,False
5697,ok,100.035,18.11,22.95,227.91,UNDEFINED,UNDEFINED,2.58,0.14,0.46,False,False
5697,ok,100.035,18.11,22.95,227.91,AUTOTALLI,Garage,7.19,3.65,26.26,True,False
5697,ok,100.035,18.11,22.95,227.91,H,H,3.94,3.92,15.46,True,False
5697,ok,100.035,18.11,22.95,227.91,VAR,Storage,3.54,3.65,12.92,True,False
5697,ok,100.035,18.11,22.95,227.91,PSH,Shower room,2.55,4.12,8.83,False,False
5697,ok,100.035,18.11,22.95,227.91,H,H,3.94,1.91,7.52,True,False
5697,ok,100.035,18.11,22.95,227.91,TK,Utility,2.13,1.83,3.9,True,False
5697,ok,100.035,18.11,22.95,227.91,UNDEFINED,UNDEFINED,1.77,1.72,2.72,False,False
5697,ok,100.035,18.11,22.95,227.91,TEKN,TEKN,1.58,1.72,2.71,True,False
5697,ok,100.035,18.11,22.95,227.91,UNDEFINED,UNDEFINED,1.22,1.28,1.56,True,False
5697,ok,100.035,18.11,22.95,227.91,WC,Toilet,1.19,1.28,1.53,True,False
5702,ok,99.969,18.21,6.91,57.88,UNDEFINED,UNDEFINED,1.84,0.78,1.44,True,False
5702,ok,99.969,18.21,6.91,57.88,TK,Utility,1.77,0.95,1.68,True,False
5702,ok,99.969,18.21,6.91,57.88,UNDEFINED,UNDEFINED,1.84,1.11,2.04,True,False
5702,ok,99.969,18.21,6.91,57.88,K,Kitchen,2.8,3.92,10.43,False,False
5702,ok,99.969,18.21,6.91,57.88,OH,Living room,4.03,3.92,15.82,True,False
5702,ok,99.969,18.21,6.91,57.88,H,H,2.74,3.92,10.73,True,False
5702,ok,99.969,18.21,6.91,57.88,H,H,4.01,3.92,15.74,True,False
5703,ok,100.152,5.48,11.99,37.37,UNDEFINED,UNDEFINED,1.99,3.34,6.64,True,False
5703,ok,100.152,5.48,11.99,37.37,H,H,4.41,5.72,16.12,False,False
5703,ok,100.152,5.48,11.99,37.37,ALKOVI,ALKOVI,2.42,1.28,3.1,True,False
5703,ok,100.152,5.48,11.99,37.37,ET,Entrance hall,1.99,2.96,5.86,True,False
5703,ok,100.152,5.48,11.99,37.37,LASITETTU PARVEKE,LASITETTU PARVEKE,4.41,2.31,10.15,False,True
5703,ok,100.152,5.48,11.99,37.37,KPH,Bathroom,2.2,2.57,5.64,True,False
5712,ok,100.105,8.59,8.05,45.95,ULKOTILA,Outdoor,1.37,0.81,1.11,True,True
5712,ok,100.105,8.59,8.05,45.95,TUPAK,TUPAK,4.63,5.66,24.7,False,False
5712,ok,100.105,8.59,8.05,45.95,MH,Bedroom,3.25,4.16,13.5,True,False
5712,ok,100.105,8.59,8.05,45.95,UNDEFINED,UNDEFINED,2.94,1.38,4.06,True,False
5712,ok,100.105,8.59,8.05,45.95,UNDEFINED,UNDEFINED,1.13,1.8,2.04,False,False
5712,ok,100.105,8.59,8.05,45.95,UNDEFINED,UNDEFINED,1.2,1.38,1.66,True,False
5714,ok,100.037,15.94,14.65,88.42,TERASSI,TERASSI,5.52,2.65,14.62,True,True
5714,ok,100.037,15.94,14.65,88.42,K,Kitchen,2.48,4.99,12.32,False,False
5714,ok,100.037,15.94,14.65,88.42,ET,Entrance hall,2.61,3.75,9.79,True,False
5714,ok,100.037,15.94,14.65,88.42,OH,Living room,5.23,3.71,19.38,True,False
5714,ok,100.037,15.94,14.65,88.42,WC,Toilet,1.26,1.24,1.57,True,False
5714,ok,100.037,15.94,14.65,88.42,UNDEFINED,UNDEFINED,1.22,1.24,1.52,True,False
5714,ok,100.037,15.94,14.65,88.42,PARVEKE,Balcony,2.9,2.43,7.04,True,True
5714,ok,100.037,15.94,14.65,88.42,MH,Bedroom,5.2,3.0,15.59,True,False
5714,ok,100.037,15.94,14.65,88.42,MH,Bedroom,3.21,3.7,11.87,True,False
5714,ok,100.037,15.94,14.65,88.42,KPH,Bathroom,1.87,3.75,7.01,True,False
5714,ok,100.037,15.94,14.65,88.42,UNDEFINED,UNDEFINED,3.21,1.86,5.98,True,False
5714,ok,100.037,15.94,14.65,88.42,UNDEFINED,UNDEFINED,1.87,1.81,3.39,True,False
5728,ok,99.912,13.5,11.92,82.87,ULKOTILA,Outdoor,1.41,1.28,1.81,True,True
5728,ok,99.912,13.5,11.92,82.87,ET,Entrance hall,4.73,1.8,6.53,False,False
5728,ok,99.912,13.5,11.92,82.87,VAR,Storage,2.08,0.86,1.86,False,False
5728,ok,99.912,13.5,11.92,82.87,TERASSI,TERASSI,2.98,1.76,5.25,True,True
5728,ok,99.912,13.5,11.92,82.87,RT,RT,2.3,2.25,5.19,True,False
5728,ok,99.912,13.5,11.92,82.87,K,Kitchen,2.3,2.68,6.17,True,False
5728,ok,99.912,13.5,11.92,82.87,OH,Living room,3.52,4.92,17.09,True,False
5728,ok,99.912,13.5,11.92,82.87,VAR,Storage,1.76,2.66,4.67,True,False
5728,ok,99.912,13.5,11.92,82.87,UNDEFINED,UNDEFINED,1.0,1.59,1.59,True,False
5728,ok,99.912,13.5,11.92,82.87,TK,Utility,1.22,1.38,1.68,True,False
5728,ok,99.912,13.5,11.92,82.87,MH,Bedroom,3.35,3.29,11.01,True,False
5728,ok,99.912,13.5,11.92,82.87,MH,Bedroom,2.37,4.93,11.68,True,False
5728,ok,99.912,13.5,11.92,82.87,UNDEFINED,UNDEFINED,3.61,3.45,8.42,False,False
5728,ok,99.912,13.5,11.92,82.87,UNDEFINED,UNDEFINED,2.11,1.91,3.94,False,False
5728,ok,99.912,13.5,11.92,82.87,UNDEFINED,UNDEFINED,2.11,1.44,3.04,True,False
5731,ok,99.99,20.59,19.14,198.82,UNDEFINED,UNDEFINED,2.81,1.38,3.4,False,False
5731,ok,99.99,20.59,19.14,198.82,AT/VARASTO,AT/VARASTO,8.73,3.32,28.93,True,False
5731,ok,99.99,20.59,19.14,198.82,VAR,Storage,4.36,4.82,20.26,False,False
5731,ok,99.99,20.59,19.14,198.82,UNDEFINED,UNDEFINED,2.76,3.31,6.5,False,False
5731,ok,99.99,20.59,19.14,198.82,KELLARI,KELLARI,1.38,3.68,5.09,True,False
5731,ok,99.99,20.59,19.14,198.82,KELLARI,KELLARI,1.29,2.38,3.06,True,False
5731,ok,99.99,20.59,19.14,198.82,WC,Toilet,1.51,1.12,1.69,True,False
5731,ok,99.99,20.59,19.14,198.82,ULKOTILA,Outdoor,1.37,0.84,1.15,True,True
5731,ok,99.99,20.59,19.14,198.82,H,H,5.75,3.63,17.07,False,False
5731,ok,99.99,20.59,19.14,198.82,H,H,3.95,4.42,16.39,False,False
5731,ok,99.99,20.59,19.14,198.82,ET,Entrance hall,2.79,2.55,5.94,False,False
5731,ok,99.99,20.59,19.14,198.82,K,Kitchen,4.57,3.18,14.55,True,False
5731,ok,99.99,20.59,19.14,198.82,UNDEFINED,UNDEFINED,2.79,2.19,6.12,True,False
5731,ok,99.99,20.59,19.14,198.82,KUISTI,KUISTI,1.94,2.93,5.68,True,True
5731,ok,99.99,20.59,19.14,198.82,KPH,Bathroom,1.56,2.23,3.47,True,False
5731,ok,99.99,20.59,19.14,198.82,UNDEFINED,UNDEFINED,1.05,0.84,0.88,True,False
5731,ok,99.99,20.59,19.14,198.82,ULLAKKO,ULLAKKO,8.7,1.23,9.95,False,False
5731,ok,99.99,20.59,19.14,198.82,H,H,3.75,5.31,20.77,False,False
5731,ok,99.99,20.59,19.14,198.82,ULLAKKO,ULLAKKO,5.71,1.27,7.27,True,False
5731,ok,99.99,20.59,19.14,198.82,MH,Bedroom,4.3,2.96,13.29,False,False
5731,ok,99.99,20.59,19.14,198.82,UNDEFINED,UNDEFINED,2.8,3.75,7.35,False,False
5731,ok,99.99,20.59,19.14,198.82,ET,Entrance hall,3.78,1.45,5.48,True,False
5731,ok,99.99,20.59,19.14,198.82,UNDEFINED,UNDEFINED,1.93,0.7,1.35,True,False
sample_plan_0001,ok,100.026,28.16,8.27,188.86,ULKOTILA,Outdoor,2.84,1.58,4.48,True,True
sample_plan_0001,ok,100.026,28.16,8.27,188.86,PATIO,Patio,2.0,1.09,2.18,True,True
sample_plan_0001,ok,100.026,28.16,8.27,188.86,RUOK,Dining,1.89,4.47,8.25,False,False
sample_plan_0001,ok,100.026,28.16,8.27,188.86,K,Kitchen,3.3,3.23,10.53,True,False
sample_plan_0001,ok,100.026,28.16,8.27,188.86,ET,Entrance hall,1.84,2.21,3.96,False,False
sample_plan_0001,ok,100.026,28.16,8.27,188.86,KPH,Bathroom,2.77,1.44,3.97,True,False
sample_plan_0001,ok,100.026,28.16,8.27,188.86,OH,Living room,6.84,4.46,30.47,True,False
sample_plan_0001,ok,100.026,28.16,8.27,188.86,MH,Bedroom,2.9,4.47,12.96,True,False
sample_plan_0001,ok,100.026,28.16,8.27,188.86,MH,Bedroom,2.9,3.22,9.34,True,False
sample_plan_0001,ok,100.026,28.16,8.27,188.86,MH,Bedroom,2.57,3.23,7.56,False,False
sample_plan_0001,ok,100.026,28.16,8.27,188.86,S,Sauna,2.72,1.67,3.29,False,False
sample_plan_0001,ok,100.026,28.16,8.27,188.86,WC,Toilet,1.24,1.02,1.27,True,False
sample_plan_0001,ok,100.026,28.16,8.27,188.86,TK,Utility,1.06,1.02,1.09,True,False
sample_plan_0001,ok,100.026,28.16,8.27,188.86,VAR,Storage,7.36,7.8,56.84,True,False
sample_plan_0001,ok,100.026,28.16,8.27,188.86,TH,Workshop,5.21,4.23,22.44,False,False
sample_plan_0001,ok,100.026,28.16,8.27,188.86,AUTOTALLI,Garage,5.22,3.46,16.88,False,False
